utterance_id,transcription,emotion
Ses01M_impro06_F016,Mmhmm.,neutral
Ses05F_impro05_F002,It was Virgin Atlantic coming from London.,neutral
Ses05F_impro06_M012,Was he very close to his family?,neutral
Ses02F_impro04_M009,"But you gotta.  Otherwise, what is--what's your other option?",neutral
Ses01F_impro04_M024,I didn't say that.,neutral
Ses05M_impro05_M004,"I was coming from um the Midwest, like Iowa.",neutral
Ses02M_impro08_M018,Okay.,neutral
Ses05F_script03_2_F011,"Well, it seems silly to go on and on in such a thing.",neutral
Ses01M_impro04_F021,You have an excuse for everything.,neutral
Ses03M_impro08b_M009,you might have an older phone where we would use sim cards but probably not.,neutral
Ses01M_script02_2_M021,So I'm putting the animals out we're getting the car to the garage and--,neutral
Ses02M_script03_2_M018,"As a matter of fact, that's perfectly true.",neutral
Ses01F_impro05_M009,"Yeah. Yeah, I don't see- I don't see any--",neutral
Ses01F_impro06_F004,Thank you.,neutral
Ses03F_script02_2_M043,Shh.,neutral
Ses01F_impro06_M010,Oh really?,neutral
Ses05F_impro04_M041,"Okay.  Okay, I'll call some people.",neutral
Ses02F_impro06_M014,"I know.  It doesn't bring him back, but--",neutral
Ses02M_script03_2_F006,"It gave him a lot of pleasure, it didn't hurt me any.",neutral
Ses03F_impro08_F010,"Sir, I'm very sorry, but this is the way it is.  This- We have no control over it.  It's going to take-  -but you have to be patient with us.  You can use a calling card.  We will give you a free calling card to use.",neutral
Ses05M_impro08_F018,"Uh huh, Okay.",neutral
Ses01F_impro03_M006,He turned to you and was like...,neutral
Ses04F_impro07_M066,Fine.  It's dorky.,neutral
Ses05M_impro03_F030,Oooh,neutral
Ses02F_impro06_M006,It's okay.,neutral
Ses03F_impro07_F031,That's going to--that'll be reserved for somebody else.,neutral
Ses02M_impro04_F010,"That's- I mean. There are more factors then just whether you're good or not, you know what I mean like",neutral
Ses03M_impro05b_M019,I work for IBM.,neutral
Ses05M_impro05_M005,"Yeah, I know I was in the country.  I mean, it's not that complicated.",neutral
Ses05M_impro05_F020,Yeah.  Let me just call security.,neutral
Ses01F_impro01_F002,Is there a problem?,neutral
Ses03M_script01_2_M008,How do you know why she's waited?  Hmmm?,neutral
Ses02F_script02_1_M017,Do you want my jacket?,neutral
Ses03F_script01_1_M042,I'll get out. I'll marry her somewhere else. Maybe New York.,neutral
Ses03F_impro07_M021,I got into film school at the Art Academy.,neutral
Ses05M_impro05_M010,"I mean, it's not big or anything like that.  I mean, it's not worth a lot of money or anything.",neutral
Ses03M_impro08a_M005,So what exactly is the problem?,neutral
Ses03M_impro02_M015,"You can do it.  Alright?  You can, you can be strong, you can be strong for both of us alright?",neutral
Ses01F_script01_3_F003,"I'm not sorry, no. But I'm...I can't stay.",neutral
Ses02M_impro08_F006,"Sorry. Okay. Um-, yes",neutral
Ses02F_script02_1_M031,"I don't get it.  The first time we came here, you said it was the best night of your life.",neutral
Ses02M_script03_2_M024,"Tell me, did you see much of Peter Burden after our divorce?",neutral
Ses01M_impro06_F022,MMhmm.,neutral
Ses04M_impro05_F019,I understand that.  I would know if it was mine. Um-,neutral
Ses01F_script02_1_M021,"Wait, that's my point, too.",neutral
Ses03M_impro05b_F003,Okay.  Let's look up here,neutral
Ses01M_impro05_F018,--arriving any time soon.,neutral
Ses05F_script02_1_F007,"It's after eleven, let's go home.",neutral
Ses03M_script03_2_M009,You want some brandy?,neutral
Ses03M_impro08a_M024,All right um--,neutral
Ses05M_impro07_F017,Good tradeoff,neutral
Ses05M_impro04_F006,"No.  I'm just working in restaurants and stuff. But, I'm also trying to audition and what not.  So, it's --",neutral
Ses01M_script01_1_M037,"Yes, on this I would.",neutral
Ses05F_impro05_F007,"Well, I can't leave without it. I mean, Could you find out?",neutral
Ses05M_script03_2_F026,You always had a weak head.,neutral
Ses05M_script01_1_F026,"Well, the trouble is you never saw enough women.",neutral
Ses05F_impro08_F001,Okay.,neutral
Ses04M_script01_1_M031,"Alright, then, mom.  Did we skip something?  No.  Alright, then, mom.",neutral
Ses02F_impro08_F019,"Okay, I can do um- a win- -two like a window and a aisle and a window and an aisle next to each other so that each of you can sit two by two. And switch around maybe?",neutral
Ses05F_impro08_F020,"You do the direct the direct it um- it's taking right out of your bank account, correct?",neutral
Ses03F_impro08_F014,"And we will probably send you a calling card.  I'm very sorry.  You're just going to have to be patient, sir.",neutral
Ses04F_script03_1_M030,How long did that row last?,neutral
Ses02M_impro05_M001,It seems that uh- my-my bag didn't make it out on the carousel.,neutral
Ses05F_impro04_M020,"It's the way it seems to me.  You started complaining about not being able to find a job the first day you went out and didn't find a job.  And I'm not saying like and not trying to you know put you down or anything, it's just that-",neutral
Ses02F_impro05_M006,"Right.  Uh We realize, you know, that that it's a bad situation, but I'm sorry, there's nothing that we can really do.",neutral
Ses04M_script02_1_M005,Whose is it?,neutral
Ses01M_impro06_F019,"It leaves a hole for you too, in your plans together.",neutral
Ses01F_script01_3_F008,"Well sure, from your mother's point of view.  Why else would I come?",neutral
Ses01M_impro05_F032,That's not - no.,neutral
Ses01M_impro04_F009,"But I mean you kind of got to, you got to fake it 'til you feel it, right?",neutral
Ses04F_impro06_M006,"you know, you don't- you know, how long do you want the person to go through that, you know.",neutral
Ses01F_impro05_M014,"No, no.",neutral
Ses05M_script01_3_F006,"I figured they would, your mother at least.",neutral
Ses05M_script03_2_F009,No thanks.,neutral
Ses01M_impro04_F017,"Like this, right now we're trying have a conversation.",neutral
Ses02F_impro06_M009,"Well, that's that's good, you know.  At least, I don't know.  I mean it's- it's better to go- to goout that way than...",neutral
Ses04M_impro04_F006,"Well then you're choosing to be unemployed, really.",neutral
Ses04M_impro05_F037,I know. I understand it's personal-- It's personal to you. I get that.,neutral
Ses01F_impro06_F009,"this woman came up and, you know, it was hers. It was her person that was there.",neutral
Ses03M_impro05a_F008,How many pieces of luggage do you have checked in?,neutral
Ses04F_impro07_M031,"Oh, that's right. Okay, I see. Right, right, right.",neutral
Ses04M_script03_2_M001,I didn't hit you very hard.,neutral
Ses01F_impro05_M020,I know.,neutral
Ses03M_script01_1_F028,Did you ask Annie yet?,neutral
Ses05M_impro08_F011,"Well, I- I can check that.  Is there anything else we can do, too?  Like, I'll go through and check the line throughout the house, but --",neutral
Ses03F_impro04_M004,you got to do.,neutral
Ses02M_script02_2_M001,What I was saying.,neutral
Ses01F_impro05_M011,"we've mistakenly lost your baggage.  We're very sorry.  On behalf of Jet Blue I would like to apologize for any inconvenience.  I am allowed to issue you a fifty dollar gift card which you can use any future flights you want to take with us.  I'm very sorry, once again...",neutral
Ses02F_script03_1_F014,"Well how long will it last us, this ludicrous overbearing love of ours.",neutral
Ses05F_impro06_M023,That's the best way to put it.,neutral
Ses05M_script01_2_F004,He's got that about it.,neutral
Ses02M_script03_2_F024,"Yes, I did quite a lot.",neutral
Ses05F_impro04_M043,You know I'll always help you.,neutral
Ses03F_impro06_M003,yeah.,neutral
Ses02M_impro05_F024,The airline can't afford to give you everything that is in that suitcase. and so-,neutral
Ses03F_script03_2_M012,"No particular reason. Anyhow, they were very small ones.",neutral
Ses01F_impro06_M014,Mmhmm.,neutral
Ses03M_impro08b_M021,Yes.  You just tell them Brent Backersen sent you.,neutral
Ses01F_script02_1_M032,"And last year, I remember distinctly you said, you were so excited to get here that you don't remember you stubbed your toe until we were in the car.",neutral
Ses05F_impro04_M026,But you have to keep trying.  You can't give up.,neutral
Ses05M_impro07_F028,All dudes?,neutral
Ses01M_script03_2_F006,"Well, what of it?",neutral
Ses01F_script02_1_M023,Why not?,neutral
Ses01F_script01_3_F031,Mmhmm.,neutral
Ses02F_script02_2_M005,"Carla, can I ask you something?  Don't take this wrong, but are you having your period?",neutral
Ses01F_script01_3_F029,How many?,neutral
Ses01F_script01_3_F028,"Yeah, sure.",neutral
Ses04M_script03_1_M012,"You mustn't be serious, my dear.  That's just what they want.",neutral
Ses05F_script03_2_F003,You worked the whole thing up in your jealous imagination.,neutral
Ses03M_impro08a_M020,I'm sorry it has to do with an electrical power outage and stuff--,neutral
Ses04M_script02_2_M021,"It was in the car, right?  Driving past the Knickerbocker Liquor Locker?  You said let's get some champagne and I said times a wasting or something like that.  Right?  That's it, right?  You want this to be like the other time.  That's it.  Of course.",neutral
Ses03F_script01_1_F010,"What do you mean, dishonest?",neutral
Ses02F_impro06_M002,I'm sorry to hear about that.,neutral
Ses02F_impro05_M016,"Right, that--that gets taken care of-- That gets taken care of.  We get we do, you know, we investigate those and just make sure that um- they're not doing their own thing with them so--uh",neutral
Ses03M_script02_2_M020,It was in the car right?  Driving past the Knickerbocker Liquor Locker...,neutral
Ses01F_impro05_M029,Well then maybe you can just call him and he can give you more money.  But right now all I can do--,neutral
Ses05F_script02_2_M003,"I am not the only one, look at all these people.",neutral
Ses05M_impro04_F036,"Okay.  Well, that's good.  Yeah, I mean, you're you're- when you're happy you're a pretty personable guy.  And I don't --I don't",neutral
Ses02M_impro05_M000,Hi. Um-,neutral
Ses02F_script01_2_M007,You can't read her mind.,neutral
Ses05M_impro08_M006,"Okay. Um-  Well, I don't know.  And it consistently happens every two weeks?",neutral
Ses01F_script02_1_M011,"Of course, our flashlight.  What's yours is mine.  Me flashlight es su flashlight.",neutral
Ses01F_script02_2_F000,That's the wind.,neutral
Ses01F_impro06_F019,Yeah.,neutral
Ses05F_impro04_M015,"If it's rent or something like that, I mean I can help you out a little bit, if- if that will help you you know stick with it.",neutral
Ses04F_script02_2_M044,I don't know.  It seemed like a good spot to me.,neutral
Ses01F_impro03_M000,So what's up?  What's new?,neutral
Ses02M_impro02_M014,"and it'll work out you know, go there and do that. Yeah, I'll be back",neutral
Ses04F_script02_2_F025,No.,neutral
Ses02M_impro08_M026,Okay. All right. Then we'll get it sent out there. And,neutral
Ses01M_impro06_F020,It gets better.,neutral
Ses04M_impro05_F009,"That's our policy, sir.",neutral
Ses02F_impro05_M005,"Um, we'd be willing to give you uh fifty dollars for--",neutral
Ses02F_script02_1_F005,Yeah.,neutral
Ses02F_impro05_M019,"Okay.  Well that that could be something that you put on on the claim--on on the complaint form if you want.  And provide us with your information while you're here and then, maybe, if it turns up, then we'll send it right over.",neutral
Ses01F_impro03_M020,"But the pennies always get you because you end up spending like, you know, fifty bucks.",neutral
Ses02M_script03_2_F007,"Well, if you hadn't been so nosey and suspicious you never wouldn't have known anything about it.",neutral
Ses02M_script01_1_M017,You know.,neutral
Ses04F_script03_1_M031,The worst one was in Cannes when your curling irons burnt holes in my dressing gown.,neutral
Ses01F_impro03_M019,I'm a big fan of the Wheel of Fortune quarters. But it just costs so much.  I don't know.,neutral
Ses03M_script03_2_M021,I think that,neutral
Ses02F_script02_1_F021,About what?,neutral
Ses02M_script01_1_F021,From father's point of you he isn't dead and you have no right to take his girl.,neutral
Ses01M_impro05_F034,We have plenty of aggressive searching going on it's not there.  Someone's taken it.,neutral
Ses02F_impro04_M004,"I know.  I know. It's hard, but you just--you gotta keep going.  I mean, you've been going at it for so long, you know.  Something is definitely going to come up.  I-I know it will, because you're a good worker--",neutral
Ses03F_impro08_F016,we compensating you for all your-,neutral
Ses01M_script02_2_F047,Or not.,neutral
Ses02M_impro05_F001,"Oh, did you check? Did you make sure as it went around the second time that it-",neutral
Ses02F_impro08_F014,Yeah.,neutral
Ses03M_impro05b_F000,Can I help you sir?,neutral
Ses04M_script01_1_F033,Just give it some more thought.,neutral
Ses05F_script03_1_F013,Who's they?,neutral
Ses01F_impro05_M004,Okay.,neutral
Ses03F_script01_2_M003,How do you know he's even thinking about it?,neutral
Ses01F_script02_2_F001,About what?,neutral
Ses03M_impro08a_M000,Hello.  This is Viacom Services.  How can I help you?,neutral
Ses01F_impro04_F001,I don't know.  Isn't that-- that's all like escort services and things like that.,neutral
Ses01F_script03_2_M031,This is no time of year for Tunis.,neutral
Ses02M_impro01_M004,"Uh, sorry, I forgot them. I mean I've got to -",neutral
Ses02F_impro04_M015,"That obviously that's not true though.  I mean, you've done this before.  You've done all the work like this before, you know, and and you've gotten people saying oh, you're so good and like you know--",neutral
Ses01F_impro06_F003,That's sweet.,neutral
Ses02M_script03_2_M011,"No particular reason. Anyhow, they are very small ones.",neutral
Ses01F_impro05_M017,this is the only track record that we have and if it's not listed here then it's probably not anywhere.,neutral
Ses03F_impro04_M002,Russel Crowe wasn't forty until he got his big stuff.,neutral
Ses05M_script02_2_M016,"It was in the car, right?  When we were passing Knickerbocker Liquor Locker, you said, Let's stop and get champagne. and I said that times a wasting or something like that, right?  You wanted it to be like it was before, right?",neutral
Ses03M_script03_2_F006,"Well it didn't harm him, in fact, it pleasured him a lot and it didn't hurt me.",neutral
Ses03F_impro07_M033,"Well, get used to it.",neutral
Ses02F_script03_1_M015,"Certainly, you must.  We're figures of fun, alright.",neutral
Ses05F_impro08_F014,"Okay so, I'll just look it up and you know see what's going on, maybe we can...",neutral
Ses05F_script03_1_M030,"Oh, I didn't hit you very hard.",neutral
Ses05M_impro08_M024,Absolutely.  It's a new service we are offering.,neutral
Ses03F_impro07_M000,"Hey, Isabella.",neutral
Ses03F_script01_1_M053,"No, you don't. I'm a pretty tough guy.",neutral
Ses03M_impro03_M033,I'm twenty eight years old.,neutral
Ses01F_script02_1_M007,"The flashlight, the silver one.  There's only one, isn't there?",neutral
Ses04F_impro07_M080,"No, no, no.  You're right though.  I mean, you know, dorms are definitely the way to meet people.  I know that I was in an apartment off campus",neutral
Ses02M_impro08_M021,so it is a little a little hard in that situation if you want -- you know you can -um- we can- we can issue another credit card.,neutral
Ses05M_impro04_F029,Have you checked out Craig's List and stuff?,neutral
Ses05F_impro04_M031,"Do they seem to like you? I mean, Can you get any read from them?",neutral
Ses05F_impro08_F027,ahh one eight hundred three two three,neutral
Ses02M_script03_2_M032,All right. I will.,neutral
Ses04F_script03_1_F012,Who's they?,neutral
Ses03M_impro05b_F023,"Well we have some people back there that need some firing so, but I would just really appreciate--",neutral
Ses01M_impro06_F008,how was sick?,neutral
Ses01F_impro06_M004,Hmm.,neutral
Ses04F_impro04_M004,I don't know.,neutral
Ses04F_impro04_M020,"and I want- I mean you know you've got to, like, do your hair.  I mean- I don't know, it's like,",neutral
Ses01M_impro04_F010,I'm just saying that if I was looking to hire somebody in the--or kind of... No. No. No.,neutral
Ses01F_impro04_M031,I don't think I'm anyone.,neutral
Ses04F_impro07_M071,"Yeah, you don't want to do the sorority thing because you'll probably get used and abused by",neutral
Ses01F_script02_2_M047,Do you want to go home?  Are you cold?,neutral
Ses03M_script03_1_M035,I didn't hit you very hard.,neutral
Ses04F_script03_1_M028,The one where you bought that little painted wooden snake and put it on my bed.,neutral
Ses02F_impro08_F022,"So, it's a five hour flight, but you'll arrive only at eleven a clock in the morning.  So that day, you can have plenty of time to get to your hotel--Rest up and then still have a nice afternoon your first afternoon in Maui.",neutral
Ses05M_impro04_F021,ah.,neutral
Ses04F_impro07_M079,"I hate to break this to you but you meet people by being cool, so-",neutral
Ses03F_impro02_F000,"How's it going, babe?",neutral
Ses02F_impro08_F009,All I'm going to need is your credit card number but just give me one moment. So-,neutral
Ses03F_impro08_F000,"Hello sir, can I help you?",neutral
Ses04F_script01_1_F025,You're a considerate fellow.  There's nothing wrong in that.,neutral
Ses03F_impro04_M010,"You're only twenty five, okay? Some people don't start until they're thirty five.",neutral
Ses02M_script02_2_M023,Take off our shoes?,neutral
Ses05M_impro03_M019,"oh, She's back at work. yeah.",neutral
Ses01M_script02_2_M008,Can I ask you a question?  Are you on your period?,neutral
Ses02F_script03_1_F027,That was the first time you ever hit me.,neutral
Ses05F_script03_1_F010,The whole business is really rather ridiculous.,neutral
Ses02M_script02_1_F000,Fine.,neutral
Ses05F_impro04_M024,You know I would never let that happen.  I wouldn't let that happen.,neutral
Ses05M_script02_2_F001,It's ridiculous.,neutral
Ses02M_impro01_F015,"I'm sorry, sir.",neutral
Ses03M_impro05a_F009,Eight pieces of luggage.  Okay.,neutral
Ses05F_impro04_M038,So what's the something else?,neutral
Ses02F_impro04_M003,"No, come on.  Don't [GARBAGE]",neutral
Ses04F_script01_2_M007,"Uh, Then why is she still-she's not his girl, Joe",neutral
Ses02F_impro05_F000,"Hi, um, excuse me, I believe that the airline lost my baggage.",neutral
Ses02F_impro08_M016,"And, like, there's there's shuttles or something that I can get to the hotel.",neutral
Ses04M_script02_2_M020,"Wait a minute, I've got it.",neutral
Ses05F_impro08_F030,I'm sorry that it was an inconvenience.,neutral
Ses05F_script02_2_M010,Well We will see them this year.,neutral
Ses02F_impro08_M011,"Well, it's gonna be four of them.",neutral
Ses01M_script02_1_M039,"Come on, trust me I got instincts for these things, okay?  So just--just think about it all right?  Okay, I know you're not interested, think about it...",neutral
Ses04M_script03_2_F024,It's a pity you didn't- It's a pity you didn't have more brandy.,neutral
Ses03F_script01_2_M007,How do you know why she's waited?,neutral
Ses05M_script03_2_F023,"Yes, I did quite a lot.",neutral
Ses01F_impro06_M013,"Oh, so they're like really old too, really old ones?",neutral
Ses04M_impro05_F008,refund--coverage of the bag that was lost. yes,neutral
Ses05F_impro05_M030,"Well, I understand that.  Did you buy flight insurance?",neutral
Ses04M_script03_1_M033,"As a matter of fact, the real cause of that row was Peter Burden.",neutral
Ses01F_impro04_M021,"Well, sometimes you have to do things that you don't necessarily like to do to have a job. But the job affords you money, you won't have to be taking the bus right now.",neutral
Ses04M_script01_1_F000,What's he going to say?  Maybe we ought to tell him before he sees it.,neutral
Ses04M_impro07_M030,Maybe some golf matches.,neutral
Ses02M_impro01_F016,there is nothing I can do.,neutral
Ses02F_script03_1_M013,All those futile moralists that try to make life unbearable.  Laugh at them.  Be flippant.  Laugh at everything.  All their sacred shibboleths.,neutral
Ses05M_impro08_M012,"Okay, And uh- go ahead and click on run.",neutral
Ses05F_impro04_M033,Do they give you any specifics as to why they didn't go with you?,neutral
Ses03M_script03_2_F017,That's the woman's job to lure the man.  Watch me a moment won't you?,neutral
Ses03M_impro04_F030,But you got to be real about it.  You have to...,neutral
Ses05M_impro04_F031,Okay.  All right.,neutral
Ses05F_impro04_M036,Of course.,neutral
Ses02M_script02_1_F011,Not particularly.,neutral
Ses04F_impro03_M029,"Okay, fine. Greens and blues.",neutral
Ses02M_impro08_M009,"All right. Well, you know that's, that's what we have all of our protection plans for and everything like that so I mean it's",neutral
Ses02M_impro05_M003,Okay. So what-what do I have to get you know,neutral
Ses05M_script01_2_M000,Why does that bother you?,neutral
Ses02M_impro08_M031,"Alright Yes, I'm sorry for all the inconvenience but we'll get it taken care of.",neutral
Ses04M_impro07_M032,I don't know.  Do they have golf?  Do they have- Does U.S.C. have a -- I don't know if they have a golf team.,neutral
Ses01M_impro04_F008,"Right, sure.",neutral
Ses02F_script02_2_M003,"Well, I'm not the only one.  Look at all these people.",neutral
Ses03F_script01_1_M036,It just is. I-,neutral
Ses03F_impro08_F029,Okay? Thank you for calling.  Goodbye.,neutral
Ses03F_impro04_M017,Maybe you could start teaching. I don't know.,neutral
Ses03F_impro08_F028,and we will take care of it if anything happens.  But all we can do now is ask for your patience.,neutral
Ses05F_impro04_M001,"Well, of course not, but what are you going to do if you move back home?  Are you going to be able to find a job there?",neutral
Ses02F_impro05_M004,"Uh, But, we are willing to reimburse you for the bag and and for the contents--",neutral
Ses01F_impro06_M012,Is it a big cemetery?,neutral
Ses04F_script03_2_M010,"I'll have some myself, I think.",neutral
Ses05M_script01_3_M003,Well-,neutral
Ses04M_impro05_F003,Right.,neutral
Ses03M_impro08a_M022,"I'm, I'm sorry you chose to live there um--",neutral
Ses02F_impro08_F020,Okay.  Great.  What time of the day would you like?,neutral
Ses02F_script03_1_M007,With the most perfect poise?,neutral
Ses03M_impro05b_F015,Did you have your name tags on the luggage?,neutral
Ses04F_script03_1_M029,Horrible thing.  I hated it.,neutral
Ses03M_impro04_M038,Same difference.,neutral
Ses05F_script01_3_F024,Do you still feel like that?,neutral
Ses05F_impro04_M000,"Babe, I don't know what to tell you.  Don't give up.",neutral
Ses02F_impro04_M011,... and there's no reason that--that something won't come up like really soon.  All right?  So you just gotta--,neutral
Ses01M_script01_2_M007,And how do you know why she's waited.,neutral
Ses04F_impro03_M031,Yeah?,neutral
Ses05F_impro05_M018,"Well, you know, sometimes that's--really, I mean what else could we do?",neutral
Ses03F_script02_1_M022,"I mean, don't you want to see it?",neutral
Ses05F_impro04_F038,"Well, I'd like to be a working actor.",neutral
Ses03F_impro08_F001,I [GARBAGE],neutral
Ses02F_impro08_M003,Okay.,neutral
Ses04M_impro04_F005,"Well, I mean, if it's that bad, maybe you're gonna have to take something that doesn't really fit, you know.  Like maybe you'll have to do something else for a while.  Find a new field, new skill.",neutral
Ses03F_script01_2_M006,You can't read her mind.,neutral
Ses01F_impro04_M004,I'm just saying I have a friend that got a good job on it so I was just recommending it.,neutral
Ses05M_impro08_M007,"Well, you know what, does your D.S.L. cable -- you have D.S.L., right?",neutral
Ses02M_impro08_F008,"Uh, I don't know where it came from and it's actually quite large, and I don't have the money for it so",neutral
Ses01F_impro05_M030,"Right now all I can do is just give you this fifty dollars, I'm really sorry.",neutral
Ses01F_script01_3_F004,"For one thing, your mother much as told me to go.",neutral
Ses02M_script01_2_M007,You can't read her mind.,neutral
Ses05F_impro08_F012,Okay.,neutral
Ses02M_impro01_F004,Well,neutral
Ses02F_impro05_F001,"No, it didn't. um It didn't come out and I don't see it anywhere around here, so what can you do about that?",neutral
Ses01F_script02_1_M034,"We just weren't in a good spot.  I'm telling you, this is a much better spot.  I have instincts for these things.",neutral
Ses04F_impro06_M007,It's sort of- it's almost better off to rest in peace than he is to live in pain.,neutral
Ses02M_impro05_F007,"Um, well, sometimes there is just difficulties with loading on to the plane. Uh- There can be a theft or uh- some sort of you know mishap with a cart or something.",neutral
Ses01F_impro04_M009,You've been looking for a job for a long time; that was a long time ago.  Right?,neutral
Ses04F_script02_2_M000,"Well, so what do you think?",neutral
Ses01M_impro02_M000,"Hey, Joy come in here.",neutral
Ses03F_impro04_M008,"You are, you're going to class, you're learning, you're getting better. When you finally get that role you're going to be prepared.",neutral
Ses05M_script01_3_M022,I don't I don't know where to start.,neutral
Ses03M_script03_2_M010,I'll have a little I think.,neutral
Ses05M_impro05_F007,yeah.,neutral
Ses02M_script01_2_M005,"Well, so what?",neutral
Ses02F_script02_1_M013,"You cold?  Do you want my jacket?  Oh, we should've brought the blanket.  Our blanket.",neutral
Ses01M_impro05_F000,Can I help you?,neutral
Ses03F_impro04_M016,"Well, they tip well.",neutral
Ses03M_impro01_F003,No.  You filled out the back part.  You were supposed to fill out the front portion only.,neutral
Ses01F_impro05_M007,all right- okay.  And you lost your bag? Is that- that the issue?,neutral
Ses02M_script03_2_F002,No it wasn't. It was very pretty I still have it and I wear it often.,neutral
Ses02F_script01_1_F026,[BREATHING] Have you asked Annie yet?,neutral
Ses05M_impro01_F009,I know.,neutral
Ses04M_impro01_M003,"Yes, I do.",neutral
Ses03F_impro05_M011,"I think that's kind of stupid, that you put a hundred thousands of dollars in the bag.",neutral
Ses03F_script03_2_M011,"I'll have a little, I think.",neutral
Ses03M_impro05a_F011,I'm sorry sir.,neutral
Ses02M_impro05_F010,Right.,neutral
Ses02M_impro08_M003,"I- I'll give you a little hint, next time if it asks if you're on a rotary phone you know, just stay on the line instead of - instead of hitting one or two to say if you're like on a touch tone",neutral
Ses03F_impro06_M001,We're all going to miss him.,neutral
Ses01F_script01_1_M040,Then help me stay here.,neutral
Ses02F_impro05_M007,"I think, um, maybe you can file a claim if you want and turn it in to our main office--",neutral
Ses02M_script03_2_F009,No thanks.,neutral
Ses04F_impro07_M032,A party celebrating your acceptance.,neutral
Ses01F_impro04_M025,"I am riding the bus, but by choice.",neutral
Ses04F_impro03_M047,"I don't know.  Okay.  I mean gosh.  There's just- look there's a lot of pressure in getting married, okay.",neutral
Ses04M_impro04_F013,You didn't do what I told you to do.,neutral
Ses05M_impro05_F009,Did you have insurance on your flight?,neutral
Ses01F_impro04_M012,Yeah.  Do you have a resume?,neutral
Ses01M_impro06_F010,Oh. Really fast? Oh.,neutral
Ses05M_impro08_F016,Okay.,neutral
Ses02F_script02_2_F000,About what?,neutral
Ses02F_script01_3_M001,You're not sorry you came?,neutral
Ses04F_impro08_F005,"Okay.  Um, and what was the complaint?",neutral
Ses03M_script01_1_F030,"Look, you never had seen many, many women.  You know?  I mean...",neutral
Ses01M_impro04_F022,I'm just saying that maybe you should take in some information before you produce more of your own.,neutral
Ses04F_script01_1_M017,I'm going to ask her to marry me.,neutral
Ses05M_impro01_F003,"Yeah.  So, I can't -- I can't do anything-",neutral
Ses01M_script02_2_F000,That's the wind.,neutral
Ses04M_script02_1_F000,Fine.,neutral
Ses01F_impro04_F000,"Uh, what?  Craig's List?  Oh the internet thing?",neutral
Ses01M_script03_2_F010,"No, thank you.",neutral
Ses05M_impro07_F010,No.,neutral
Ses01F_impro05_M010,"I don't see any record of it, and I-usually when I don't see a record of it, that means um-",neutral
Ses05F_impro01_M000,"ahh Yeah, this is the wrong line.  I'm sorry.  You need to go back over to line two B.  That's where you should have started from.",neutral
Ses01M_impro05_F028,That's unfortunate.,neutral
Ses05F_impro04_M039,"You can't get a catering gig?  Well, I can call some friends.  I- Well, I did call some friends before, but you went in once and then never went back.",neutral
Ses02F_script02_2_M009,We've missed them twice.  That's not ever.,neutral
Ses05F_impro05_F006,That's good.,neutral
Ses03F_script01_1_M031,"I'll find out. But then after it's all over we'll thrash it out with dad, right?",neutral
Ses05F_script01_3_F008,"Well, from her point of view why else would I come?",neutral
Ses02F_impro08_F003,"Um, how may I help you.  You're trying to book a specific flight?",neutral
Ses05M_script03_1_M003,"We're all right, aren't we, darling, whatever happens?",neutral
Ses01M_impro05_F007,I'm just saying you don't need to talk to me like I-,neutral
Ses02F_impro08_F011,Absolutely. we we,neutral
Ses05M_impro08_F006,"Pretty much, yeah - I don't know if it's, like, bad phone lines or something.",neutral
Ses05F_impro05_M031,"Well, my hands are really tied then.",neutral
Ses02F_impro04_M006,"There...There are plenty of people out there with--with like, good jobs, you know, that are a lot...",neutral
Ses01F_impro04_M016,"Yeah.  But the piece of paper helps, too.",neutral
Ses03M_impro08a_M010,We can do that.  We can do that.  You just have to sign a one-year contract though with the--,neutral
Ses04F_impro07_M035,"I don't know are you, like, I don't know.  Are you, like, available or anything?",neutral
Ses03F_script02_2_M016,Wait a minute. I got it.,neutral
Ses04F_impro07_M059,Or library.,neutral
Ses01M_impro05_F014,Do you have any i-?,neutral
Ses04M_impro04_F000,Well there has to be something you haven't tried.,neutral
Ses01M_script01_1_M017,I'm going to ask her to marry me.,neutral
Ses05M_impro07_F026,"Yeah.  I mean, I know, I know, like the- the housing surrounding the campus pretty well.",neutral
Ses02F_script02_2_M022,You want me to go get some champagne?,neutral
Ses01F_impro04_F014,Yeah.,neutral
Ses03M_impro01_F000,Is that a demand sir?,neutral
Ses03M_impro08a_M027,"You know maam, we record this conversation so anything you say can be proven in a law of court so keep that in mind.",neutral
Ses04M_script01_2_F001,Why does that bother you?,neutral
Ses04M_script02_2_F000,"Look at this, goose bumps.",neutral
Ses03M_impro04_F023,"Well... If you need something, I mean, you're just going to---can get a temporary thing right now and then look for something--",neutral
Ses01F_impro06_M008,How long were you there for?,neutral
Ses05F_impro05_M012,Are you sure?,neutral
Ses05M_script02_1_F001,What flashlight?,neutral
Ses02F_script02_1_M009,"Oh, well sure.",neutral
Ses04F_impro07_M076,"I mean it's not really free because you have to pay for it, but yeah.",neutral
Ses01M_impro05_F023,Yes.,neutral
Ses02M_impro05_F017,"We have very tight security but we -uh- there are times when we just can't uh make sure there aren't absolutely no human error, you know",neutral
Ses04F_impro06_M004,"Well I mean, you know, I mean it was I mean with that kind of condition,",neutral
Ses02F_impro05_M001,"Okay.  Um, well, unfortunately yeah there was a some- some problems with the--",neutral
Ses02F_script02_2_M023,Take off our shoes?,neutral
Ses05F_impro04_M022,"Well, exactly.  Money is not everything.",neutral
Ses05M_impro04_F013,Maybe [garbage].,neutral
Ses01F_script02_1_M008,Whose is it?,neutral
Ses03F_script02_2_M008,We're not seeing the grunions?,neutral
Ses01F_script01_1_M010,We've got to say it to him.,neutral
Ses02M_impro04_F011,"and the fact that you know there is always different types of things and what kind of people they want in the office and whether it's male or female or you know what I mean, like things are out of your control.",neutral
Ses02M_impro05_F020,"all right, We've already checked back here for your baggage",neutral
Ses01M_impro04_F019,I can't finish the sentence with you without you jumping in...,neutral
Ses03F_impro08_F003,"Sir, please calm down.  There's no reason to use profanity like that.  It's not-",neutral
Ses01M_script02_2_M040,Right.,neutral
Ses01F_script01_1_M039,"On this, I would.",neutral
Ses05F_script01_2_M002,"What did you mean? He lived next door to the girl all of his life, why wouldn't he want to see her again? Don't look at me like that, he didn't tell me any more than he told you.",neutral
Ses05M_impro05_M000,Hi. Um-  My luggage didn't come out of the conveyor thingy.,neutral
Ses01M_impro07_F020,Oh. That is incredible. Is it--,neutral
Ses01M_impro05_F001,I need a little more information.,neutral
Ses02F_script03_2_F007,"Well, if you hadn't been so suspicious and nosey, you never would have known a thing about it.",neutral
Ses05M_impro04_M010,right.,neutral
Ses02M_impro01_M005,well is the dri-driver's license going to work?,neutral
Ses03M_impro08a_F004,two two six six.,neutral
Ses02F_impro03_M018,"Yeah, that is--how long you guys been together now?",neutral
Ses01F_impro04_F006,you know what?  I heard about that job.  I applied for that.,neutral
Ses03M_impro05b_F005,"What I can do for you is uh we can uh report lost, lost property.",neutral
Ses05F_script01_1_F027,"The trouble is you don't see enough women, you never have",neutral
Ses01F_script02_1_M010,No.,neutral
Ses02F_script03_1_M025,You remember that awful scene we had in Venice?,neutral
Ses01F_impro02_F003,"I guess, you know, everybody has to make sacrifices.",neutral
Ses01M_impro07_F012,Oh. Venice beach.,neutral
Ses01M_impro04_F012,No.,neutral
Ses05F_script01_1_F024,"Well you're a considerate fellow, there's nothing wrong with that.",neutral
Ses01F_impro04_M003,Uh huh.,neutral
Ses02M_impro04_F000,So how you feeling?,neutral
Ses03F_script01_1_F014,They do come back.,neutral
Ses01F_impro05_M000,Hi.  Thanks for waiting.,neutral
Ses01M_impro05_F005,I've been college educated.,neutral
Ses01F_impro04_M017,"No.  But it has an outline, you know.",neutral
Ses04M_script03_1_F013,"If I laugh at everything, I must laugh at us, too.",neutral
Ses03M_script01_1_M037,But if I can't have that here I'll get out.,neutral
Ses05M_impro04_M008,"You plan on being there forever? I mean, Like, what do you --",neutral
Ses05M_impro01_F000,Can I help you?,neutral
Ses03M_script02_2_M022,You want this to be like the other time right?  That's it right?,neutral
Ses05F_impro08_F010,"So is it, is- is it at all possible that maybe this statement is just old and that the transaction hadn't been processed yet?",neutral
Ses04M_impro08_M011,What I can,neutral
Ses05F_impro01_M003,"Well, I have no camera here.  I can't help you at all here, ma'am.  I have forms for something completely different.  You need to go to a different place.",neutral
Ses05F_impro05_M001,On what airline?,neutral
Ses05M_impro08_F015,Okay.,neutral
Ses01M_script02_2_M028,Do you want to take off our shoes?,neutral
Ses05M_script01_1_M017,I'm going to ask her to marry me.,neutral
Ses04F_impro03_M018,Why not browns?,neutral
Ses05F_impro05_M007,I'm not sure where it is.  We can absolutely keep an eye out for for it for you.,neutral
Ses05M_impro04_F034,"That's rough.  I'm really sorry, Ryan.",neutral
Ses04M_impro08_M028,Alright. Take Care.,neutral
Ses04F_impro08_M012,"It was a hundred a sixty dollars.  I'm sorry, uh, sixteen dollars.",neutral
Ses05M_impro07_F029,Um- I think I have some friends.,neutral
Ses05M_impro07_F018,I don't- I don't think it's that bad.,neutral
Ses02M_script01_1_M027,"Well, if she does then that's the end of it. From her letters I think she's forgotten him.",neutral
Ses04F_impro03_M027,Okay.  Fine.  So green and what?,neutral
Ses05F_script01_1_M018,I'm going to ask her to marry me.,neutral
Ses03F_impro01_M003,Who?,neutral
Ses05M_script01_2_M001,"Well, maybe maybe he just wanted to see her again.",neutral
Ses03F_impro08_F021,A day?,neutral
Ses05F_impro05_M034,"Uh, so it was really heavy.",neutral
Ses03M_impro05a_F007,You're at me and I'm going to try to help you out sir but you just have to cooperate with me--,neutral
Ses05F_impro04_F039,But um--,neutral
Ses02F_script03_1_M024,"I don't care what you do.  See, you could paint yourself green and dance naked in the Place Vendome and rush off madly with all the men in the world and I shan't say a word.  As long as you love me best.",neutral
Ses01F_script01_1_M014,You know.,neutral
Ses03M_impro02_M013,"We'll have internet set up, we'll get web cameras and everything.  My whole family's here too.",neutral
Ses01F_script02_1_M026,This is a big night for these little guys.  It's like life's last orgy.,neutral
Ses04M_script01_1_F027,How do you know she'll marry you?  Maybe she feels the same way father does.,neutral
Ses05M_impro04_F009,"I was just going to say that's your issue. Maybe you are going in too much. No, I mean, just",neutral
Ses05M_script03_1_F013,"If I laugh at everything, then I must laugh at us too.",neutral
Ses01F_script01_1_F034,Just give it some more thought.,neutral
Ses04F_impro07_M009,I know but you should get like a taser or something.  I mean walking around the campus at night-,neutral
Ses02F_script03_2_M001,I knew nothing of the sort.  You took presents from him.,neutral
Ses05F_impro04_F043,yeah.,neutral
Ses01F_impro04_M020,"Okay, yeah.  I would imagine.",neutral
Ses01M_script02_2_M013,We missed them twice.,neutral
Ses03M_script02_2_M014,"Well, we're going to see it.",neutral
Ses03F_script01_1_M047,"Now, where do I find it?",neutral
Ses02F_impro08_F018,"Oh, yeah, absolutely.  Um- Would you like window seats or aisles?",neutral
Ses04M_script03_2_M028,Line?,neutral
Ses01M_impro04_F002,What do you mean?,neutral
Ses05M_script01_1_F025,"Well, what if she feels like your father?  And how do you know she will marry you?",neutral
Ses04M_script01_1_F028,"The trouble is, you don't see enough women.  You never did.",neutral
Ses03M_impro08a_M021,"Well, okay I'm going to give you a free phone card that you can use at any payphone and that's on us. Okay?",neutral
Ses03M_impro05a_F000,Can I help you sir?,neutral
Ses01F_script01_1_M016,You know it's not just my business.,neutral
Ses01F_script02_2_M019,"It's when we were driving past that Knickerbocker Liquor Locker, you said, let's get some champagne.  I said no, time's a wasting or something like that.",neutral
Ses04M_script03_2_F043,We swapped. Listen.,neutral
Ses02M_impro04_F012,So you should take that in consideration rather than giving yourself such a hard time.,neutral
Ses02M_script01_1_F015,I got an idea but what's the story?,neutral
Ses01M_impro06_F013,"Totally, yeah.",neutral
Ses05F_impro04_M013,Have you?  There's got to be something else.,neutral
Ses03F_script01_3_M026,"No, no, no, no. Nothing like that.",neutral
Ses03F_impro04_M000,"Hey, you just got to keep on going.",neutral
Ses01F_impro02_M012,Don't you guys have access to computers over there.,neutral
Ses03M_impro08a_M025,My name is Sara.,neutral
Ses02M_impro05_F008,"I- I- I understand, but um.",neutral
Ses02F_impro06_M018,"That will be, It'll be--it'll be better that way. I mean Time will tell.  Time heals, you know, and it's good.  It's okay.  I mean, it wasn't anybody's fault or anything like that so .",neutral
Ses02M_script01_2_M004,How do you know he's even thinking of it?,neutral
Ses02F_impro06_M007,"'Cause, you know, you've got all the times that you guys did spend together, you know and that's something good that you can look back on.",neutral
Ses02M_impro05_F014,So we'll- what we'll do,neutral
Ses01M_impro01_M013,You're very helpful.  What's your name?,frustrated
Ses05F_script01_1_M015,"All right, All right mom.  Listen!",frustrated
Ses03F_script02_2_M007,"There's nothing to it, alright? We come down here, the grunion arrive, they do their little fish business, we go ooh, ah, look at the fish, and then they go home and we go home.",frustrated
Ses03F_impro02_M010,You know what happened to my cousin. She went and she never came back.,frustrated
Ses05M_script02_2_M011,"Okey, They're just fish.  It's nothing to get traumatized over.",frustrated
Ses01F_script01_1_M038,"I want some kids, I want a family, I want somebody that I can give myself to and Annie is in the center of that.  Now it's just where to find it.",frustrated
Ses04F_impro05_M021,I am- I am- I am my own supervisor.,frustrated
Ses05F_impro05_F012,I mean we've gone through all of this.  I've been to five people already who--,frustrated
Ses02F_script01_2_F009,"She knows what I know, that's why.  She's faithful as a rock.  In my worst moments I think of her waiting and I know again that I'm right.",frustrated
Ses04F_script03_2_F016,The woman's job is to allure the man.  Watch me a minute will you.,frustrated
Ses02M_impro01_F014,"It just happens to people all the time, I'm sorry sir, but I can't make an exception for you.",frustrated
Ses04F_script03_2_M021,"Snap, snap, snap like a little adder.",frustrated
Ses05M_script01_2_M013,All right.  All right.,frustrated
Ses05F_impro08_M001,"All I want to do is put my, pay for my freaking credit card, and there's something wrong in my bill, Like I swear, it says I didn't paid last month, but I know I paid last month.",frustrated
Ses05F_impro05_M021,"I am sorry, ma'am.",frustrated
Ses03M_impro02_F010,You can't.  We need you.  I need you.,frustrated
Ses03M_impro08b_F016,Really?  No contract?,frustrated
Ses02F_script03_2_F026,I expect it's because you're drunk.,frustrated
Ses02M_script02_1_F015,Augie,frustrated
Ses04F_script01_1_F031,"I don't want a diagram.  He thinks he's coming back, Chris.",frustrated
Ses02F_script03_2_M019,"Yes, it is.",frustrated
Ses04M_script01_2_M003,What do you mean?  He grew up next door to the girl all his life.  Why shouldn't he want to -- why shouldn't he want to see her again?,frustrated
Ses02M_script02_2_F009,"Twice is every time we've tried, that's ever.",frustrated
Ses05F_impro02_F017,"Well, maybe you should move in with my mom and she can help.",frustrated
Ses01M_script02_2_F009,I'm sorry it still just fish to me.,frustrated
Ses02M_script01_1_F029,"I don't want a diagram. He thinks he's coming back. Chris, you marry this girl you're pronouncing him dead.",frustrated
Ses04M_impro05_F029,"No, I don't. See, I could lose my job if I did that.",frustrated
Ses05M_script03_2_F003,"[garbage], No, I didn't.  You worked the whole thing up in your jealous imagination.",frustrated
Ses01M_script01_1_F027,"Well, how do you know she's going to marry you?  Maybe she feels same way your father does.",frustrated
Ses04F_impro01_M009,"What I need you to do is go to the back of the line,",frustrated
Ses01F_script01_1_F009,What do you want to do?  Argue with him?,frustrated
Ses04F_script02_2_F030,No.,frustrated
Ses03M_script01_1_M008,Being dishonest with him.  That kind of thing always pays off and now it's paying off.,frustrated
Ses05F_impro01_M004,"Simply step to line two A, ma'am, I'm sorry.",frustrated
Ses03M_script02_2_F008,"We never do, do we?  Have we ever?",frustrated
Ses03M_impro05b_M018,"If not, I'm going to get your name, I'm going to talk to your boss, whoever...I'm never going to fly...my business is never going to fly Delta again.",frustrated
Ses04F_impro04_F022,I make myself very presentable before I go to any kind of interview.,frustrated
Ses05F_impro02_M008,The kids-,frustrated
Ses05M_script02_2_M021,"Do you want to get married again?- What?  What, do you want a divorce?",frustrated
Ses04F_impro01_F005,I have done everything everyone in this entire place has told me to do.  I've been here for over an hour.  They make me wait in line.  Every single time I start over again.,frustrated
Ses04F_script02_1_M030,We weren't in a good spot.,frustrated
Ses03M_script01_1_M023,She's not Larry's girl.,frustrated
Ses02F_script01_1_F042,"All right.  Just-- just don't go thinkin' that way, you hear me?",frustrated
Ses05M_impro04_M032,"No, it's demeaning.  I am not a clown.  I have talent.  Clowns don't have talent.",frustrated
Ses01M_script02_2_F008,Their life will start then.,frustrated
Ses03F_impro05_M001,Did you- Did you check with the lost and found?,frustrated
Ses05M_impro04_M030,I've tried.,frustrated
Ses03F_script02_2_M027,"Jesus, welcome to the human race.",frustrated
Ses05M_script02_2_M012,"No, of course not.",frustrated
Ses03M_impro02_M035,What am I going to do?,frustrated
Ses02M_script01_2_F007,"Then why is she still single, I mean New York is full of men, why isn't she married? Probably a hundred people told her she's crazy but she's waited.",frustrated
Ses02F_script02_1_M027,Yeah they do.,frustrated
Ses05F_impro05_F009,"Yes, sir, I know what my bag looks like.",frustrated
Ses04M_impro02_F019,Can't you just make an effort?  Can't you just try?,frustrated
Ses04M_impro05_F022,"Yeah, we don't do that.  I can go ahead and send you--",frustrated
Ses03M_script02_2_F027,No.,frustrated
Ses04F_script02_2_M016,I've been trying to work this backwards but I can't seem to pinpoint the moment when we took a turn for the worse.  You were fine during the phone call from Marge.  Dinner was okay.  Doing the dishes was no problem.,frustrated
Ses02M_script02_2_F008,"We never do, do we? I mean have we ever?",frustrated
Ses05F_impro05_F017,Does this happen often?  Do they--you just lose baggage and you just offer people money for it?,frustrated
Ses04M_script01_1_M023,She's not Larry's girl.,frustrated
Ses02F_impro04_F008,"It's just so frustrating.  Like, I just--I just don't wanna do it anymore.  You know?  I just don't wanna like hit the pavement every single day with my resumes and going out there all the time.  You know, it's just like--",frustrated
Ses02M_script01_2_M010,What do you want me to do about it?,frustrated
Ses01M_script01_2_M003,How do you know he's even thinking about it?,frustrated
Ses04F_script01_1_M018,You know it's not only my business.,frustrated
Ses02M_impro08_F016,'Cause I-I just don't know how someone could have gotten my charge information,frustrated
Ses02F_script03_2_F022,"I don't care, do you understand?  I don't care.  I don't care if they bark or roll about like hoops.",frustrated
Ses05F_impro01_F004,Can you just-can I just get the right-,frustrated
Ses04M_script03_2_M018,You can hardly call three liquor glasses in a whole evening going on and on and on.,frustrated
Ses04F_impro01_F006,I have a life.  I have things to do.  I have places to go.  Can you not just put this through please?,frustrated
Ses05M_impro02_M017,"They'd put me in jail and then how long- when will I get to see the kids?  What, ten years?  I don't know.",frustrated
Ses02F_impro08_M000,"Yeah, hello.",frustrated
Ses04F_script01_2_F002,Nobody comes seven hundred miles just to see.,frustrated
Ses05F_impro01_F009,And how long is that going to take?,frustrated
Ses03M_impro05b_M010,"Are you going to refund us for our luggage, refund us for our tickets for this?",frustrated
Ses03M_script02_2_F032,"This what...what's this?  This isn't anything. Alright.  Sure.  Standing on the beach, fighting and waiting.",frustrated
Ses01M_script01_1_M032,I'll leave.  I'll get married and move somewhere else maybe New York.,frustrated
Ses03F_impro02_M015,[BREATHING],frustrated
Ses01F_script02_2_M011,They'll show up this time.,frustrated
Ses02F_impro01_M012,"No, it's--",frustrated
Ses03F_script02_2_F029,No.,frustrated
Ses04M_impro05_M033,with different names on them? That-,frustrated
Ses02F_impro01_M018,"I--when you're going to the D.M.V., you usually need pretty professional identification--",frustrated
Ses05M_script03_2_F025,You're quite insufferable.  I do imagine it's because you're drunk.,frustrated
Ses04M_impro05_F039,"And I'm looking forward to that.  However, I can't do that. I would lose my job.",frustrated
Ses05M_script02_1_F018,"Well, if you also remember last year we- our shoes got wet, I got sand in my panties, we had a big argument, you had a sore throat, and we didn't see the grunion.",frustrated
Ses04F_script02_2_M012,We'll see them this year.,frustrated
Ses03F_impro01_F003,"No, no, no, no, no, no. The lady over there, she told me to fill out the front and she said to wait in this line.",frustrated
Ses05M_impro01_F005,"Sir, don't get an attitude with me.",frustrated
Ses05M_script02_2_M028,Right.,frustrated
Ses01M_impro05_M030,[BREATHING],frustrated
Ses01M_script01_1_M022,I don't know why it is you know every time I reach out for something I have to pull back 'cause I'm afraid it's going to hurt somebody.  All my life...,frustrated
Ses03M_script02_2_M010,"Don't take this wrong but, are you having your period?",frustrated
Ses05M_impro08_F004,"Is not, It it It will work again for like a week and then it goes out again.",frustrated
Ses02F_script01_1_F031,"Well, that's a good answer, but it doesn't answer anything.  I mean, you've been away for--at war.  It's been five years.",frustrated
Ses05F_impro01_M023,"I'm being very straight with you, ma'am.  There is nothing I can do for you.  You need to stand in line two A.",frustrated
Ses04M_impro05_M032,So what if- what if we- what if we do three forms,frustrated
Ses02F_script01_1_M012,We've got to say it to him.,frustrated
Ses05F_impro01_M017,"I'm not saying that you're stupid, ma'am.  I think you just said that you were stupid.",frustrated
Ses04M_impro01_M002,"that she gave to me earlier. And she said oh, I gave you the wrong one by accident.  So I was hoping I could just fill out a new one, give it to you and sort of skip this whole line business.",frustrated
Ses04F_impro05_F003,Look that bag has my entire life in it and you just lost it.,frustrated
Ses05F_impro04_F029,I don't know.,frustrated
Ses05M_script02_1_F013,Pass what up?  It's It's just little fish and they swim up on the beach and they flop around and they swim away and then they die.,frustrated
Ses04F_script01_1_M015,"Alright, alright, alright.  Listen. You know why I asked Annie here don't you?",frustrated
Ses05M_impro01_F010,"Sir, you- I mean",frustrated
Ses01F_impro01_M005,"You can't--  This is not the line for Z.X.four.  If you're going to fill out the Z.X.four, you need to have a different form of ID.",frustrated
Ses04M_script01_2_M014,Calm yourself.,frustrated
Ses03M_impro05a_F006,I'm asking you if this is direct flight from Baltimore to LAX or if you have to stop--,frustrated
Ses04M_impro04_M008,"But, like, it's been years now and I just can't seem to get anything that really fits.  It's just it -- I -- it drives me absolutely insane.",frustrated
Ses05M_script03_2_M016,"Nothing.  Are you going out somewhere, darling?",frustrated
Ses02M_impro05_M024,"that might be like fifty dollars okay, but this - I- [garbage] I had like thousands of dollars worth of stuff in that suitcase.",frustrated
Ses04F_impro01_M016,"Uhh, and you spelled your own name wrong.  So I need you to take that",frustrated
Ses01F_script02_2_M020,"That's what it is?  Right?  You want this to be like the other time, right?",frustrated
Ses02F_script01_1_M015,All right.  All right.  Listen to me.  You know why I brought Annie here don't you?,frustrated
Ses03M_impro05b_F024,Okay sir.  I'm sorry you can--um-,frustrated
Ses01M_script01_1_F012,"What do you want to do, argue with him?",frustrated
Ses02M_impro01_F020,If you had checked the website it would have said that you needed two forms of identification.,frustrated
Ses05F_impro02_F013,"It's going to be at least six months, probably a year. I tried.",frustrated
Ses03M_script02_2_M013,"No, of course not.",frustrated
Ses05F_impro05_F011,"No, it didn't turn up at the baggage claim.",frustrated
Ses01M_script02_2_M016,and figure out where we took a turn to the worst thing.,frustrated
Ses01M_script02_1_F019,"Oh, Augie.",frustrated
Ses05M_script01_1_M040,"No, you don't.  I'm a pretty tough guy.",frustrated
Ses05F_impro01_F003,"What, I mean what... what's the difference?  What do I need to do there that I can't do here?",frustrated
Ses04M_script02_2_M035,I'm doing the best I can.,frustrated
Ses03F_script01_1_F022,"Well, it is. I mean, what do you want me to do? You're grown up; you know what's going on in your mind.",frustrated
Ses05M_script01_1_F012,how are you gonna prove it?  Can you prove it?,frustrated
Ses04M_impro01_M007,"But you're -- it's the same -- I mean, you can -- like I can't go behind your desk--",frustrated
Ses05M_impro02_F010,Why don't we do that- Can we- Can we just leave the country?,frustrated
Ses03F_impro01_F008,I am not-,frustrated
Ses05M_impro01_M014,"Come on!  You know -- you can't just take -- make a little exception to the rule?  I know that you guys make exceptions.  I see -- you know, if I was-if I was your friend and you knew me, or something like that, you'd probably make a little exception for me wouldn't you?",frustrated
Ses04M_impro04_M016,"Yeah, exactly.",frustrated
Ses02F_script03_2_M029,"Oh, very interesting.  How about a child of four?  A child of six?  Or a child of nine?",frustrated
Ses02F_impro04_F011,"It's just really hard.  I feel like their starting to get like a personal prejudice against me.  You know what I mean?  Like it's like suddenly it starts to feel like it's just you that they say no to and it's not that they're not taking applications and it's not that they're not hiring people, it's just you particularly they have some particular reason for just hating you.  You know?",frustrated
Ses05F_script01_2_F007,"She's . . . Then why is she still single.  New York is full of men, why isn't she married?  Probably a hundred people told her she's foolish, but she's waited.",frustrated
Ses05M_impro04_M000,"Uh, God.  I don't know what to do anymore.  Like I said --",frustrated
Ses04F_script01_1_F038,You mean-tell me something you mean you'd really leave the business?,frustrated
Ses02F_script03_2_M035,This is no time of the year for Tunis.,frustrated
Ses05M_script02_1_M025,"I don't get it.  I mean, the first time we came you said it was the best night of your life. And last year I remember distinctly you were so excited about coming that you stubbed your toe toe pushing me out the door and you didn't even notice until you got in the car.",frustrated
Ses04M_script01_1_M010,I don't want to argue with him but it's time he realized that nobody believes Larry's alive anymore.,frustrated
Ses03F_script01_1_F044,"Oh, you have to be inspired.",frustrated
Ses04F_script01_2_M009,How do you know why she waited?,frustrated
Ses05F_impro01_M019,There is a strict system here.  You need to wait in the right line for the right thing.  This is the line for registration.,frustrated
Ses03M_impro04_M034,Go out and take over the world by yourself and I'm like what?,frustrated
Ses05M_script02_1_F015,Augie.,frustrated
Ses01M_impro02_F006,[BREATHING],frustrated
Ses01M_impro01_M019,"No, I don't have driver's license.",frustrated
Ses01F_script01_1_F031,He thinks he's coming back Chris.,frustrated
Ses05M_script02_2_M013,"I'm trying to work this backwards.  But I can't seem to pinpoint the time where everything went wrong here.  Okay, so --",frustrated
Ses02M_script02_1_F013,"Pass up what? These little fish swim onto the beach flop around and swim away, and then they die.",frustrated
Ses04M_impro05_M035,if we have three forms then I can get the hundred and fifty.,frustrated
Ses01M_impro05_M002,"Okay, I'm coming in from Atlanta.",frustrated
Ses04F_impro08_F013,Sir.,frustrated
Ses04M_script01_1_M016,"Alright, alright, alright.  Listen.  You know why I asked Annie here don't you?",frustrated
Ses01M_script02_1_M035,"I don't get it though, I mean the first time we came here you said it was like the best night of your life...",frustrated
Ses04M_script02_2_M002,Certainly is not.  It's slightly exaggerated scientific fact.,frustrated
Ses04F_script02_2_F016,I did want to see it.  I always do.  I keep thinking that this time will be the time but it never is.,frustrated
Ses03F_impro05_F004,"Well, that's what I'm asking you. What--I don't know what happened to it.",frustrated
Ses02M_script01_1_M015,All right. All right. Listen to me.,frustrated
Ses04F_impro04_M027,"So, go to McDonalds.",frustrated
Ses04M_impro01_M005,Don't you -- you don't have-,frustrated
Ses03M_script02_1_F019,You didn't see them the first time either.,frustrated
Ses04M_impro02_F018,"Then, can't you please try something?  If you go and ask them and they say no, then I would understand, but you're not even willing to ask.",frustrated
Ses04M_impro02_F028,You're not really giving me a lot of options.,frustrated
Ses03F_impro04_F021,[BREATHING] Brian-,frustrated
Ses05M_impro04_M024,"Do you have any idea how I can make money?  I mean, what can I do to make some quick money, something?  Anything, that's relatively within the you know law.",frustrated
Ses03F_impro04_F012,"I don't know, I just [BREATHING] I get frustrated",frustrated
Ses02M_script01_1_M011,"Why -- why shouldn't he dream of him? Walk around, waiting for him at night I mean do we contradict him, do we say straight out that we don't have any hope anymore that we haven't had hope for years now?",frustrated
Ses01M_impro04_M016,"Okay, I'm not flying off the handle I don't think I'm flying off the handle here at all.",frustrated
Ses05F_script01_1_F037,"Don't- you, you can't think like that!  Don't think like that!",frustrated
Ses03M_script02_2_M011,What's bugging you then?,frustrated
Ses03M_script03_2_F037,"Turn it on again, please.",frustrated
Ses01M_script01_1_F007,What is he doing out here at that hour?,frustrated
Ses04F_impro08_M007,The food was prepared incorrectly.,frustrated
Ses01M_script03_2_M017,Nothing.,frustrated
Ses04M_impro05_M030,But your job is not my concern. My concern is getting my luggage.,frustrated
Ses05F_impro01_M007,I don't have those-,frustrated
Ses02F_script01_2_M014,All right.  All right.  Calm yourself.,frustrated
Ses02M_impro04_M013,I just got a whole skewed opinion on just how this is supposed to work out and,frustrated
Ses02M_impro04_M018,"I know, but I mean- if that's the - you know, I'm either like the worst at this or just the most unlucky person on the planet I mean this doesn't",frustrated
Ses04F_script02_2_M029,"A new carpet, a poodle, a backrub, ice cream, a suicide pact.  What?  What?  Carla what the hell do you want?",frustrated
Ses02M_impro01_F022,Right. So maybe you should go home now and get your paperwork and come back.,frustrated
Ses05F_script03_2_M032,You better turn that off I think.,frustrated
Ses05M_script03_2_F008,I'm getting very bored with this conversation.,frustrated
Ses03F_impro05_M000,"I'm sorry, Mrs. Rosenkrantz, but uh- I don't know what to tell you.",frustrated
Ses04F_script02_1_M029,I don't get it.  The first time we came here to see it you said it was the best night of your life and last year I remember distinctly you were so excited to get here.  You stubbed your toe rushing me out the door and didn't even notice until we were in the car.,frustrated
Ses04M_impro05_M040,"Just all I need you to do is just fill out three forms and I'll leave you alone forever, forever.  I'll never -- we'll never see each other again.",frustrated
Ses04F_impro05_M008,you're getting very excited right now,frustrated
Ses01M_impro04_M010,"I guess I just getting really hard to fake, you know.",frustrated
Ses04M_script01_1_M030,Line?,frustrated
Ses04M_impro02_M034,You have to.  Do you understand me?  You have to.,frustrated
Ses05M_script03_2_M005,He let him kiss you.  You said you did.,frustrated
Ses05M_impro04_M002,"Something like that.  I can't even remember anymore. I don't know what to do anymore.  I just get out there everyday -- well, not everyday, almost everyday.",frustrated
Ses02M_impro04_M011,"I mean, I can't- I can't be persistent forever, you know, you can't not have a job forever, you know, I've got- I've got to do something, I've got to make money and get food on the table.",frustrated
Ses01M_impro02_F004,How can they do that?,frustrated
Ses01M_script02_1_F011,"It's after eleven, let's go home.",frustrated
Ses04M_script01_2_M013,"But, Kate--",frustrated
Ses03F_script01_1_F023,"Well, you better make sure your father's not- No- I'm just saying.",frustrated
Ses01M_script01_1_M014,"Okay, all right.  Mom, sit down.  I want to talk to you.",frustrated
Ses02M_impro02_M003,"It's- It's dangerous anywhere, honey. I mean this is -this- I'm just going to go and we'll get it over with,",frustrated
Ses04F_impro05_M011,If you'd like to take that over to the front desk- Ma'am.,frustrated
Ses01F_script02_2_M008,"There is nothing to it; we come down here, the fish arrive, they flop around, they do their fish thing.  We go ooh, ah, look at the fish and we go home.",frustrated
Ses02M_script02_1_F004,But you kept saying my flashlight as if somehow it's just yours. I mean how is it supposed to make me feel?,frustrated
Ses05F_script01_2_F005,"What's going on here, Joe?",frustrated
Ses02M_impro08_F009,it really freaks me out when I got my bill because it was like I don't -- I didn't spend this. This is not my charge.,frustrated
Ses05M_script01_1_M009,You know that Larry's not coming back and I know it.  So why do we go on letting him think that we believe with him?,frustrated
Ses02F_script01_1_F030,I just don't see why it has to be Annie.,frustrated
Ses05F_impro01_F019,"Except they're going tell, are you going to tell me the right line to stand in this time at least?",frustrated
Ses04M_impro02_M005,I can't do that.  I have to go.,frustrated
Ses03M_impro05a_F015,"Sir, Please please, I would ask you to just calm down for a second--",frustrated
Ses02M_impro05_M017,This is unbelievable. I've got,frustrated
Ses05F_impro04_F011,This is humiliating.,frustrated
Ses05F_impro01_M015,"what The lady, what? the janitor?",frustrated
Ses04M_impro02_M030,[BREATHING],frustrated
Ses04M_impro08_F014,"but, at the same time, I have been through an hour of little robot voices telling me what I needed to do.",frustrated
Ses04F_impro02_M009,I know.  It's just you don't have to do this for a living you know.,frustrated
Ses02M_impro05_M027,because this is ridiculous?,frustrated
Ses01F_script02_1_F019,Oh Augie,frustrated
Ses03F_script01_1_M011,"No, I don't want to argue with him, but it's time that he realized that no one believes that Larry's coming back anymore.",frustrated
Ses02M_script01_1_F012,"Can you prove it, how can you prove it?",frustrated
Ses04M_impro05_M034,"but, no. See, 'cause",frustrated
Ses04M_script02_2_M033,Right.,frustrated
Ses03F_script02_2_M015,"And so I'm getting the animals, putting the animals out in the yard. I'm putting on my jacket, getting the car out of the garage-",frustrated
Ses05F_script01_1_F014,"To you it is, and to me, but not to your father.  Now look, you can talk yourself  blue in the face, but there's no body, and there's no grave, so where are you?",frustrated
Ses03F_script02_2_M023,Do you want to get married again? What? What? Do you want to get a divorce?,frustrated
Ses05M_impro01_M004,What's the difference?  What's the difference between that form and this form?,frustrated
Ses05F_script03_2_M023,[BREATHING],frustrated
Ses05M_script01_1_F010,"What do you want to do, argue with him?",frustrated
Ses03M_impro01_M022,"Oh, okay.  Wow.",frustrated
Ses03M_script01_1_M016,Alright. Alright. Alright just listen.,frustrated
Ses02M_script01_1_M023,She's not Larry's girl.,frustrated
Ses04M_impro02_M007,I know that. I know that. I know that.,frustrated
Ses02M_script01_1_F030,"Do you know what's going to happen to your father because I don't, see?",frustrated
Ses02M_script02_1_F010,So let's go.,frustrated
Ses05F_script01_1_F035,Wait a minute.  Tell me this.  Do you mean to say that you would leave the business?,frustrated
Ses03F_script01_1_F024,"Yeah, well I ignore what I got to ignore.",frustrated
Ses01F_impro02_M016,It's just not fair.,frustrated
Ses04F_impro04_F004,"Okay but I've been trying for three years.  Three years and I haven't gotten a bite much less actually gotten hired, and I am smart enough.  Thank you very much.",frustrated
Ses02F_script02_2_F008,"We never do, do we?  I mean, have we ever?",frustrated
Ses03M_impro01_M009,The information is on there.  Here I'll just fill it out right here.,frustrated
Ses05F_impro05_M043,"Well, you can take my stinking fifty dollar voucher and go home and wait and see if your luggage turns up. And if it does, then we'll deliver it to you.",frustrated
Ses02M_script01_2_F015,Just you above all need to believe.,frustrated
Ses02M_script01_1_F040,"I don't understand you, do I?",frustrated
Ses02M_script01_2_F011,"Because if he's not coming back, I'll kill myself. And laugh -- laugh at me but",frustrated
Ses02M_impro05_M006,I really - I really need that bag.,frustrated
Ses05M_script03_2_F029,"You're not very funny, dear.  You better have some more brandy.",frustrated
Ses02F_script02_2_M024,"Well, what?  You want me to breathe in your ear?",frustrated
Ses03M_impro02_M009,"I don't want to go but,-",frustrated
Ses05F_script02_1_F002,It's not your flashlight.,frustrated
Ses04F_impro01_F007,"Okay, that's nice. That's nice but I have done everything you people have told me to do. I don't understand why you can't just help me get this done.  It's simple, right?  License.  I need it. Can we just do this please?",frustrated
Ses03M_impro01_M021,How would you like that hmm?,frustrated
Ses03F_script02_2_F014,"Look, I did. I always do. But it's like every time I try nothing ever happens.",frustrated
Ses05M_script01_1b_F027,"No I don't want a-  Your father thinks he's coming back, Chris.  If you marry that girl, you're pronouncing him dead.",frustrated
Ses01M_impro01_F004,What are you... what's...What are you applying for?,frustrated
Ses04F_script02_1_F010,So let's go home.,frustrated
Ses04M_script02_2_F012,You don't have any idea what I'm saying.,frustrated
Ses05M_script02_2_M009,We've missed them twice.  That's hardly ever.,frustrated
Ses05F_impro05_F028,Because they made me check it.  It's too heavy.,frustrated
Ses05F_script02_1_M006,"Well, Sure.",frustrated
Ses05F_impro08_M006,"Well, okay ,well First off, fine, fine, fine.  Let's see, first off, um- yeah my bill's wrong.",frustrated
Ses04M_impro02_F010,Explain the situation to them and then you can stay here.,frustrated
Ses01F_impro01_F013,How long have you been working here?,frustrated
Ses04F_impro02_M015,I want you to leave.  I want you to leave the service.,frustrated
Ses03F_script02_2_M035,"Yeah, maybe if you were with someone else too.",frustrated
Ses03F_script02_2_M011,"God, I thought you wanted to see it.",frustrated
Ses04M_impro05_M041,But that's not going to-- But you don't understand. You're looking forward to never seeing me again.,frustrated
Ses01M_impro01_M011,"I don't where it is though, I don't have with me.  Can I get it from somewhere?  I mean...",frustrated
Ses02F_script01_1_F043,"I don't understand you, do I?",frustrated
Ses05M_impro04_M022,"I'm not like this all the time.  I mean, I don't -- I'm just frustrated right now, all right.  I just want to do --",frustrated
Ses04M_script03_2_F025,It doesn't seem to have worked such wonders with you.,frustrated
Ses03F_script02_2_M002,It certainly is not. It is slightly exaggerated scientific fact.,frustrated
Ses04M_script02_2_M024,"What, you want me to breathe in your ear?",frustrated
Ses01F_script01_1_M043,No.  You don't.  I'm a pretty tough guy.,frustrated
Ses02M_script02_1_M027,Yes they do.,frustrated
Ses02F_impro01_M014,"Well, the weekends are not as busy.  Maybe you can uh, come and try to get here early--",frustrated
Ses02M_impro04_M002,"I have got to get a job, you know? Like-",frustrated
Ses03M_impro02_F037,finish your Master's that you were started never finished.,frustrated
Ses04F_impro01_M006,and I got to - i got to work here all day long.  Okay.  I've got to deal with you people all day.,frustrated
Ses03M_impro05b_M003,Yes.,frustrated
Ses05F_impro04_F002,"I don't know.  I mean, what am I supposed to do? I've It's not for lack of effort.  I've been trying.",frustrated
Ses03M_script02_2_M006,"There's nothing to it.  The Grunions arrive, they do their little fish business, you know?  We go oh, ahh, look at the fish and they go home and we go home.",frustrated
Ses01F_script01_2_M012,[BREATHING],frustrated
Ses02M_script02_2_M008,Why not?,frustrated
Ses05F_script02_2_F010,"No, we won't.  Augie it's like waiting for Santa Claus to come.  I feel like I am going to spend my entire life standing on the beach with my eyes wide open and my hands clasp expectantly in front of me waiting for the fish to show up and the fish will not show up.",frustrated
Ses05F_script02_2_M023,What? What You want a divorce?,frustrated
Ses03F_impro08_F019,"No, three days, sir.  It's not three days. It's- It's only been about a day now. Let's not exaggerate.",frustrated
Ses04M_impro05_F012,I'm very sorry.  I understand you're frustrated. You just got off of a flight.,frustrated
Ses02M_script02_2_F030,"I'm sure, this is standing on the beach, this is waiting, this is fighting.",frustrated
Ses01M_script01_1_F000,What he's going to say?,frustrated
Ses03F_script02_2_F041,"Augie, anything I do I'd rather be doing with you.",frustrated
Ses04M_impro01_M019,"Come -- just, please, just grab the form.  It's right over there.",frustrated
Ses04M_script02_1_M006,"Well, sure.",frustrated
Ses03M_script01_1_M014,Larry's been gone for three years.  For god sakes no one comes back after three years.  It's insane.,frustrated
Ses03M_script02_2_F028,No.,frustrated
Ses02F_impro08_M002,"I know, I'm sorry.  It's-It's just that it's been a little frustrating because--",frustrated
Ses05M_impro01_M008,"Well then, when I showed them my I.D. before and I said I had to get a new I.D, why didn't they tell me to fill out the right form?",frustrated
Ses01M_script01_1_M027,Because it is.,frustrated
Ses05F_impro01_F013,"Please, I don't think that's necessary.  I'm just asking, maybe you could call over and say that somebody miss informed her because I didn't pick to stand in this line.  I asked them where to stand, and they told me here.",frustrated
Ses01F_script01_1_M009,"You know?  Why shouldn't he walk the nights thinking of him, dreaming of him?   Do we contradict him?  Do we say, we don't have any hope anymore?  That we haven't had any hope for years now?",frustrated
Ses05M_impro01_M013,Why can't we just -- you know what?  How about if we just pretend that I'm getting a -- renewing my California I.D. and we just don't tell anybody -- That I'm getting a new one from a different state?,frustrated
Ses04M_script02_2_F031,"I know you are, Augie.  Really, I do.  I know you meant for this to be special and nice and it's the full moon and the sand and everything.  But I just couldn't help thinking about being somewhere else.",frustrated
Ses04M_impro01_M016,That's all I- I just- That's all i want you to-,frustrated
Ses04M_impro05_F034,Then that would be lying.,frustrated
Ses05F_impro04_M023,You can.,frustrated
Ses04M_script01_1_M007,"I don't know the meaning of it, mom.  But I know one thing; we made a terrible mistake with dad.",frustrated
Ses01F_script02_2_M013,No. Of course not.,frustrated
Ses04M_script02_2_M026,"What, you want a divorce?",frustrated
Ses01M_impro01_M008,But that's...,frustrated
Ses05M_impro01_M020,That's just dumb.,frustrated
Ses04F_impro04_F003,and I have gone everywhere I can think of.  I have given resumes.  I have done interviews.  I've tried to pull in favors.  I've asked everybody I know for help.  I don't know what else to do.,frustrated
Ses05M_impro01_F018,"Sir, don't patronize me.  I can't make an exception.  I don't- I don't have the power to do that.  It's a different form.",frustrated
Ses04M_impro02_M023,"It can't happen.  I have to go.  I want to stay really bad, but I can't.  There's just no -- I don't have an option.",frustrated
Ses04M_script01_1_M042,I know that.  Just you help me stay here.,frustrated
Ses04F_script03_2_F015,Just making myself fascinating for you.,frustrated
Ses04F_script02_2_F015,You don't understand anything I'm saying.,frustrated
Ses04M_impro02_M035,"Well I guess we're at a stalemate then, aren't we?",frustrated
Ses04F_impro05_M015,sign away your luggage to the,frustrated
Ses04M_impro01_M021,Why are you being such a bitch?,frustrated
Ses02F_script02_2_M008,Why not?,frustrated
Ses02F_impro01_F023,"Well, thank you very much.  You've been very helpful.",frustrated
Ses05M_script01_2_F010,"I want you to pretend like he's coming back.  Both of you, don't think I haven't noticed you and Chris since she's gotten here.  I don't want any nonsense.",frustrated
Ses04M_script02_2_F022,No.,frustrated
Ses03M_script02_2_F026,No.,frustrated
Ses05M_impro02_F009,There's got to be something we can do.  You can't just go.,frustrated
Ses01F_script02_2_F025,"No, no. Nothing.",frustrated
Ses02F_script01_1_F024,"And you can go on from there if you know where to go, but I don't know where to go.  See, I don't know.  Now what can I do for you?",frustrated
Ses04M_impro04_M014,"You know what, this is your fault.",frustrated
Ses04F_script01_1_M042,Then you help me stay here.,frustrated
Ses05F_script01_1_M031,"All right, then, Mom.",frustrated
Ses03M_impro02_M034,So I have--you want me to choose between you guys or my career?,frustrated
Ses03M_impro01_F008,You need to go back over there and fill it out again.,frustrated
Ses03M_impro04_M009,I don't know astronaut?  I don't know something crazy like that.,frustrated
Ses02M_impro01_M013,I've been waiting for three hours.,frustrated
Ses01M_script02_1_M024,"No, wait no, no that's not my point.  My point is there is no point and coming all the way down here if we just turn around and go home.",frustrated
Ses01M_impro05_M009,My bag from Atlanta.,frustrated
Ses03M_impro01_F007,I think you're being a little condescending.,frustrated
Ses02M_impro01_M020,I waited in line now I'm ready to get my stuff and then go home.,frustrated
Ses05M_impro04_M023,"I want to make some money.  I need to make some money.  I've got to pay some bills, I owe people money.  I owe lots of people money.  I need to make some money.",frustrated
Ses03F_script01_1_F012,You can't tell him that.,frustrated
Ses04M_impro08_M003,I'm going to need it again.  I need to look at your file.  If you want me to look at your file--,frustrated
Ses02F_impro01_F009,I have my passport and I have my driver's license. And that's all I have.,frustrated
Ses03F_script01_1_F048,"All right, but you can't do that. You can't talk like that.",frustrated
Ses04F_impro05_M000,Welcome to Northwest Airlines.  How can I help you?,frustrated
Ses01F_script01_1_M026,So what.  I'm not fast with women.,frustrated
Ses03M_script01_1_F034,"He thinks he's coming back. And you go off and marry that girl and you're just pronouncing him dead and what's going to happen to him?  I don't know.  Do you?  I mean, I don't know.",frustrated
Ses04M_impro05_M024,You- you- you- you're misunderstanding me.  You're going to do that.,frustrated
Ses03F_script01_2_M012,Okay. Just calm yourself.,frustrated
Ses05F_script02_2_F004,I am sorry.  It's just fish to me.,frustrated
Ses04F_impro08_M008,I asked for no tomatoes.,frustrated
Ses05M_script02_2_F008,We We don't ever.  Have we ever?,frustrated
Ses04M_script01_1_M019,You know it's not only my business.,frustrated
Ses04F_script01_1_M014,Sit down mom.  I want to talk to you.,frustrated
Ses02M_script01_1_M031,"I can't help it I know her best. I mean lived next door to her my whole life. These years when I think of a wife, I think of Annie.",frustrated
Ses05F_impro05_F044,"Yeah, I'll take your fifty dollar voucher.",frustrated
Ses05F_script01_2_M011,[LAUGHTER],frustrated
Ses01F_script01_1_M033,"But if I can't do that here, I may have to go somewhere else.",frustrated
Ses04F_impro02_M005,You don't know that.,frustrated
Ses05M_script01_2_M005,Now listen.,frustrated
Ses05M_script01_1b_M027,Because it is.,frustrated
Ses03F_script01_1_F025,And she-she's Larry's girl.,frustrated
Ses01M_script01_2_M013,"Okay, calm yourself. Alright.",frustrated
Ses02F_impro01_F017,"I really need this done today.  As you can see, the deadline is almost up and I can't come back.",frustrated
Ses02F_impro01_F022,Do you have a supervisor?,frustrated
Ses02M_impro01_F009,"Well, it's actually-",frustrated
Ses05M_script03_2_F013,Don't be stupid.,frustrated
Ses02F_impro04_F007,"I didn't have like one of those starts, you know, like a family member who was already in the business or something you know that could like give me a helping hand.",frustrated
Ses04F_impro02_F019,I know I'm leaving you here with all the responsibility but at least you get to be with her.,frustrated
Ses01M_script02_2_F003,It's a PR.,frustrated
Ses05F_script02_2_M013,"Okay, I been trying to work this backwards but I can't seem to pinpoint a moment when we took a turn for the worst here.",frustrated
Ses05F_impro01_M020,I told you it was line two A.,frustrated
Ses04M_impro08_F010,So could you discretion it back?,frustrated
Ses01F_impro01_M009,"A birth certificate, a passport...a student ID; didn't you go to school?  Anything?",frustrated
Ses05F_impro01_M005,There is a large line of people behind you waiting to be--,frustrated
Ses03M_impro05b_M004,You know and they've looked it up before and it's not there.,frustrated
Ses04F_script01_1_M008,"Being dishonest with him, that kind of thing always pays off and now it's paying off.",frustrated
Ses05M_script01_2_M002,"What are you talking about?  He grew up next to the girl his whole life, why wouldn't he want to see her again?  Don't look at me like that.  He hasn't told me anything he didn't told you.",frustrated
Ses01M_impro01_M023,If it makes you stop acting like a child.,frustrated
Ses05F_impro01_M006,"I don't want to be rude here, ma'am, but line two B is where you need to be.  This is the line for registration.",frustrated
Ses01F_script01_1_M008,I don't want to argue but it's time he realized that nobody believes Larry is alive.,frustrated
Ses04M_script03_2_M019,You needn't be so grand just because you don't happen to want any at the moment.,frustrated
Ses04F_impro02_M013,Of course I'm going to wait.  I just- I just don't like the idea of this happening because this isn't the last time this is going to happen. You're going to go on more tours and stuff.  I just- I can't-,frustrated
Ses03F_script03_2_F030,I don't want to talk about this anymore.,frustrated
Ses03M_impro04_M037,Yeah.  I got eighteen hundred on my S.A.T..,frustrated
Ses03M_impro01_F009,"No, no, no, because there are other people in line.  You have to go get a complete new application.",frustrated
Ses05F_impro01_F005,Would you be able to put me at the front of that line?,frustrated
Ses02F_impro01_M022,"All right.  Well, um, you know, I'd love to help you, but--nothing I can do.",frustrated
Ses05F_script01_2_F009,"Nobody in her- this house dares shake her faith.  Strangers might, but not his father, and not his brother.",frustrated
Ses01F_script01_2_F014,I can't help it.,frustrated
Ses04M_impro08_M014,"Ma'am, I understand that.",frustrated
Ses01M_script01_1_F022,I'm just saying.,frustrated
Ses01F_script02_2_M010,We've missed them twice.,frustrated
Ses01F_impro05_F007,Yes.,frustrated
Ses02M_script01_2_M009,"Look it's a nice day, what are we arguing for?",frustrated
Ses04M_script02_2_F023,No.,frustrated
Ses01F_impro04_M034,What? Oh.  So now you're...,frustrated
Ses04F_script02_2_M015,It's just a fish.  Nothing to get traumatized over.,frustrated
Ses01M_script02_1_F010,I'm cold.,frustrated
Ses04M_script03_2_M023,Oh.  That reply has broken my heart.,frustrated
Ses01M_script01_2_F008,"Nobody in this house dares take away her faith Joe.  Her- strangers might but not her father, not her brother.",frustrated
Ses05F_script02_2_M027,"No, no I was just like you, I thought it will be all peaches and roses and- and sand in our toes and wind in our hair and the fish will always come. And the bills will always magically pay themselves and we will have three fat rosy kids and we will be, HAHA baby the joke is on us.",frustrated
Ses03M_script01_1_M015,"Listen mom, just, sit down.  I want to talk to you.",frustrated
Ses03M_impro05b_M005,Now what are you going to do for me different? Hmm?,frustrated
Ses02M_script01_1_M020,So it's all right then I'll go ahead with it?,frustrated
Ses05F_script03_2_F026,"Oh, You are so insufferable.  Do you stop.",frustrated
Ses03M_impro04_F028,Well obviously it's not working.  Just cause you got sixteen hundred on your S.A.T. doesn't guarantee you a job.  I mean it should really but--,frustrated
Ses04F_impro05_M005,"Ma'am, I understand that.",frustrated
Ses05M_impro04_M013,But they always go with somebody else.,frustrated
Ses01F_script01_1_F000,What's he going to say?,frustrated
Ses05M_script01_2_M012,Calm yourself.,frustrated
Ses03F_script02_2_M025,A new carpet? A poodle?,frustrated
Ses04F_impro05_M013,We're not going to communicate anything this way.,frustrated
Ses01M_script01_1_F019,"Well, that's only your business, Chris.",frustrated
Ses03F_impro04_F003,I have no money behind me. Nothing. I'm twenty five and--,frustrated
Ses02F_impro01_M020,"No, but you come--you come to the D.M.V., it's something-- You should've- You should've figured--",frustrated
Ses03M_impro01_M016,I'll have a license.,frustrated
Ses04M_impro02_M010,It's not- it's not- It's not like that.  It's not like that.  I can't do that.,frustrated
Ses03F_script01_1_M038,"Okay. All right, then.",frustrated
Ses03F_impro04_F004,So I'll have to wait twenty five years-,frustrated
Ses03M_impro05b_F025,We already have been confirmed that it will be arriving in--uh--in about two days.,frustrated
Ses02F_impro01_M024,I am the supervisor.  So--,frustrated
Ses01M_script02_2_M010,"Is not supposed to like anything.  We come down here, we look at the fish, they arrive, we go woo-ah fish.",frustrated
Ses03F_script01_1_F037,"I mean, you haven't seen her since the war. I mean, it's been five years.",frustrated
Ses01F_script01_1_F039,You mean to tell me that you would leave the business over this?,frustrated
Ses02F_impro05_F013,"[BREATHING] Well, sure, yeah, I guess I'll go buy dinner and then be--have nothing for the rest of my entire vacation.  I'm supposed to be here for three weeks.  What am I gonna do without anything for three weeks?",frustrated
Ses02F_impro05_F011,I didn't sign anything.,frustrated
Ses02M_impro08_F011,"and it was like something like eight hundred dollars. I don't remember. It was just a lot and I have thing in front of me right now, but-",frustrated
Ses05F_impro05_M011,And you couldn't find it?,frustrated
Ses04F_script02_2_M031,"Do you think that when I proposed, I had this great fantasy going that four years down the line we'd come to the beach and yell at each other over fish.",frustrated
Ses03F_impro04_F001,"No, I don't know, I--maybe this isn't for me. You know, maybe this isn't the right business for me.",frustrated
Ses02F_impro02_M005,"What if--maybe--what if, uh, we went somewhere over there?  I don't--I don't know--I--I need to figure something out for this because--",frustrated
Ses02F_impro01_M013,"Okay.  But how do I--that's- that's not proof to me.  How do I know that, you know, that it's really you.  I need--",frustrated
Ses04F_script02_2_M014,"No, of course not.",frustrated
Ses05M_script01_2_M004,"Well, so what?",frustrated
Ses03M_impro08a_F005,Olivia.,frustrated
Ses01M_impro04_M011,"Are you hiring? Wait, do you know of a job? Seriously, do you know, like do you know of anything though?  Like, oh please, do you know of anything?",frustrated
Ses04M_script01_1_F024,Now what can I do for you?,frustrated
Ses01M_script02_2_M017,Of course not.,frustrated
Ses02M_script02_2_M009,We've missed them twice; that's not ever.,frustrated
Ses02F_impro02_M002,"But, I'm--I'm nothing--I'm nothing without you here.  Maybe we can--we can get out of this somehow.",frustrated
Ses03M_script02_2_M015,"What...I've been trying to, I've been trying to figure out the point where we went wrong and I can't seem to pinpoint that moment.",frustrated
Ses02M_impro02_F011,It doesn't make any sense; I don't know why we have to be at war in the first place.,frustrated
Ses04M_impro05_F015,We only cover fifty dollars worth of lost items.,frustrated
Ses03M_script02_1_F007,"It's past eleven, let's go.",frustrated
Ses02M_script01_3_M005,"The trouble is, I planned on sort of sneaking up on you on a period of a week or so.  But they take it for granted that we're all set.",frustrated
Ses03F_script01_1_M014,"All right. Just- Sit down, mom. I want to talk to you.",frustrated
Ses05M_impro08_F003,"And I'll reset the IP address.  I will do like, you know, direct connect the modem to my computer, and then reset everything, and then put the router back in. And-",frustrated
Ses03M_script02_1_F013,"Pass up what?  These fish swim up to shore, on the beach and then they flop around a little, they swim away and then they die.",frustrated
Ses04F_impro04_F032,Well maybe you could be a little helpful.  I mean obviously you don't have any problems so would it really take so much time out of your day to just go ahead and help somebody else.,frustrated
Ses04F_script01_2_F017,"Believe with me, Joe.  I can't stand alone.",frustrated
Ses03M_impro01_F018,Sir?  I'm going to ask you one more time and then I'm going to call my supervisor,frustrated
Ses04M_impro08_F012,of the money that I was charged that I didn't make those calls.,frustrated
Ses02M_script02_2_F001,It's ridiculous.,frustrated
Ses04F_impro02_F010,I mean I'm the one who has to leave here.  I'm the one who has to leave the two of you.  At least you get to be together.,frustrated
Ses01F_script01_1_F022,"Now you can go on from there if you know where to go, but I'm telling you, I don't know where to go.",frustrated
Ses03M_impro08b_F009,Yes the phone turns on.  No I mean I'm using it not turning on the phone.  Of course it turns on.,frustrated
Ses04M_impro04_M001,"it's just like nobody- nobody wants to hire me. It's been years, I mean, do you understand, years?  Like, I'm -- you know what I mean, it's like I've been collecting unemployment for so long now, it's just like I just -- I can't take it.  I don't know what to do.  I mean, I'm just like losing my mind.",frustrated
Ses04F_script01_2_M011,What do you want me to do?,frustrated
Ses04M_impro02_M031,"Look, I--",frustrated
Ses03M_impro05a_F019,"Okay.  I'm not.  I'm sorry, I am being--",frustrated
Ses03F_impro05_M004,"No, I mean, maybe in the little--going around thingy thing where bopper stole it from there.",frustrated
Ses03F_impro04_F013,That's the thing. I don't know. I don't know anything.,frustrated
Ses04F_script02_1_F020,That's the wind.,frustrated
Ses04F_script01_1_M024,"I don't know why it is but every time I reach out for something I want, I have to pull back because other people will suffer. My whole bloody life time after time after time.",frustrated
Ses01F_impro05_F004,I waited the entire baggage- I waited for the whole baggage carousel four times.  They told me to go to the next one.  I waited through that for three planes and now I'm here.,frustrated
Ses05M_script02_2_M007,"It's not that complicated.  We come down here, the grunions arrive, they do their little fish thing.  We say ooh, awe, look at the little fish.  And then they go home and we go home.",frustrated
Ses05M_script02_2_F006,I just - We just have different ideas of what this night is suppose to look like.,frustrated
Ses04M_script02_1_F009,That's my point.,frustrated
Ses03F_impro04_F026,[BREATHING],frustrated
Ses04M_impro02_M027,There's nothing I can do.  I-- I,frustrated
Ses01F_script01_2_M007,You can't read her mind.,frustrated
Ses04M_impro05_F030,And your bag is not my concern.,frustrated
Ses04M_impro05_F025,I can write you the one check.,frustrated
Ses03M_script02_1_M033,"We just weren't in the good spot.  This is a much better spot.  You know, I have a good instincts for these things.",frustrated
Ses03F_script02_2_M022,What? What? Do you want me to breathe in your ear?,frustrated
Ses01F_impro05_F001,Yeah. This is the fourth line that I have been in.,frustrated
Ses02M_script01_1_M029,So what I'm not fast with women.,frustrated
Ses05M_impro01_F017,I -- there's no way I'd make an exception.,frustrated
Ses05M_script01_1b_M032,But if that can't happen then I'll just get out.,angry
Ses04M_script02_2_M031,"And we'll have three fat rosy kids and ha, ha, ha, baby, the joke's on us, 'cause you know what you get, Carla?  You know what you get?  This.",angry
Ses04F_script01_2_F001,It's been three years.  Why all of a sudden?,angry
Ses05F_script03_2_M004,"You must admit that he was in love with you, wasn't he?",angry
Ses01F_script03_2_F013,Don't be stupid.,angry
Ses03M_script03_2_M040,Turn it--Turn it off.,angry
Ses01F_script03_2_F027,Oh shut up.,angry
Ses05M_script03_2_M023,They snap.,angry
Ses03F_script02_2_F005,"Augie, Goddamn it, don't ask me that. You always ask me that. Why do you ask me that? I hate it. It's insulting.",angry
Ses03M_script02_2_M028,Welcome to the human race.,angry
Ses05M_script03_2_F035,You are far too temperamental.  Try to control yourself.,angry
Ses04M_script01_1_M022,"Sometimes you infuriate me, you know that?  Isn't it your business, too, if I tell this to father and he throws a fit about it?  You have such a talent for ignoring things.",angry
Ses04F_impro01_F012,I'm not starting over again.  No I have done this five times.  I am not starting over again.,angry
Ses02F_impro01_F019,"Yeah, but your birth certificate--I mean, who carries around their birth certificate?  Nobody does that.",angry
Ses04M_script03_2_F037,There aren't any people upstairs.  It's a photographer's studio.,angry
Ses04F_impro01_F021,I don't need to be.  I need to go and do other things with my time.  Okay.,angry
Ses02M_script02_2_M029,"Well welcome to the human race, all right. Do you think this is what I had in mind when I proposed? You think I had this great fantasy going that four years down the road we'd come to the beach and yell at each other over fish?",angry
Ses01M_script03_2_F030,Not very funny darling.  Why don't you have some more brandy?,angry
Ses01M_script01_1_F043,"Well, I can see that.",angry
Ses01M_script03_2_F039,"Oh you're cruel you're...you're...I hate you, I hate you. Go away. You're conceited. You're overbearing. You're utterly impossible.",angry
Ses04F_script03_2_F014,What?,angry
Ses05F_impro05_F034,You're an autono- autonomous human being.  You could- You could go into the com-,angry
Ses01M_script03_2_F035,Very well if you insist on being boorish and idiotic.,angry
Ses01M_script01_2_F009,"I want you to---act like he is coming back.  Don't think I haven't noticed you, both of you since Chris invited her here.  I won't stand for any nonsense.",angry
Ses04F_impro01_F004,I did exactly what they told me to do.,angry
Ses01F_script03_2_M040,"Shut up. Shut up. God, I wouldn't marry you again if you came crawling back to me on a bended knee.  You are a vile, ill-tempered, mean little wench and I never want to see you again as long as I live.",angry
Ses03F_script01_1_M027,To hell with that.,angry
Ses01M_script03_2_M034,This is no time a year for Tunis.,angry
Ses02F_script01_1_M023,She's not Larry's girl.,angry
Ses05F_script03_2_M042,"You are a vile tempered, loose living, wicked little beast, and I never want to set eyes on you again.",angry
Ses01M_script01_1_F008,"He's dreaming about him again, walking the streets.",angry
Ses02F_script03_2_M047,You're a evil vampire and I hope to God I never see you again as long as I live.,angry
Ses04M_script03_1_M013,All the futile moralists who try to make life unbearable.  Laugh at them.  Be flippant.  Laugh at everything.  All their sacred shibboleths.  Flippancy brings out the acid- acid in their damn sweetness and light.,angry
Ses04M_script02_1_F013,"Pass up what?  These little fish swim onto the beach, flop around and then they swim away.  And then they die.",angry
Ses03M_script03_2_F014,What?,angry
Ses05M_script03_2_F034,Very well.  If you have to be boorish and idiotic.,angry
Ses01M_impro01_F000,Next.,angry
Ses01F_script03_2_M014,"Really, Amanda.",angry
Ses01F_impro05_F024,Yeah.,angry
Ses03M_script02_2_F002,"It's PR.  I mean, somebody sold you a good bill about this wonderful event that going to happen on the beach.",angry
Ses04M_script03_2_M040,Very good idea.  I will,angry
Ses03M_script03_2_M029,I'm not in the least bit drunk.,angry
Ses03M_impro05a_M014,Yeah.,angry
Ses01M_script03_2_F036,I won't.,angry
Ses01F_script03_2_M026,I think I mentioned once before that I've had three minute liquor glasses the whole evening long.  A child of two cannot get drunk on that.,angry
Ses01M_script01_1_M020,"See.  Then it's not just my business. Sometimes you infuriate me, you know that?  You know it's just your business too if I tell father and he throws a fit about it, huh?",angry
Ses05M_script03_2_M035,This is no time of the year for Tunis.,angry
Ses02F_script01_1_F040,"Well, you don't want to think like that.",angry
Ses04F_script03_2_F027,"On, the contrary.  A child of two could get violently drunk on only one glass of brandy.",angry
Ses04F_script03_2_M003,You went out of your way to torture me over Peter Burden.,angry
Ses03F_impro05_F010,Fifteen percent?,angry
Ses03M_impro05a_M027,Whose daughter are you?,angry
Ses05F_script03_2_F039,"Yeah, very amusing.  Let me go.  I'm getting out of here.  I can't believe I intended to marry you.",angry
Ses01M_script01_2_M017,"What the hell do you want from me, Kate?",angry
Ses05F_script01_1_F038,"All right!  But don't think like that, because I mean, what the hell did we do all this for, Chris?  The whole business it's all for you!  The whole shooting match is for you!",angry
Ses03M_impro05b_M027,"And and, in about...",angry
Ses01M_script02_2_F013,"Because they never do.  Do they, have they ever?",angry
Ses04M_script03_2_F035,"Not very funny, dear.  You'd better have some more brandy.",angry
Ses03F_script03_2_F039,"Stop it, stop it, I hate you, I loath you, you are overbearing and conceited and utterly impossible.",angry
Ses03F_script01_2_F001,She's been in New York for three-and-a-half years. She don't just suddenly come and-,angry
Ses04F_impro05_F019,"Okay.  Well I want to call whoever you report to, whoever your boss is because I have had enough with this airline and I am finished waiting for my fifty dollar gift certificate.",angry
Ses03M_impro05b_M022,Who are you going to fire because of that?,angry
Ses03M_impro05b_M031,Some peanuts?  Wow.  That helps a lot.,angry
Ses04F_impro05_F009,"You're kidding me, right.  You're going to give me fifty dollars to completely cover my bag, everything that was in it, the inconvenience that I've gone through.  I paid for my ticket.  All I expect is to safely get to my destination with my stuff.  Is that so much to ask?  I mean I really don't think that's that big a deal to ask you guys to have my bag in the place where I leave and then put my bag where I end up.",angry
Ses04M_script02_2_F013,"I did want to see it.  I always do.  I keep thinking this time will be the time, but it never is.",angry
Ses05F_script03_2_M040,Amanda-- Listen- Listen-,angry
Ses02M_impro01_M009,Shouldn't they have like told us about that? I mean why - why would they make me go and wait three hours if I have got to go and do it again?,angry
Ses04F_impro05_F015,No.  No.  I don't know. You know what? I'm going to call my lawyer. You know what?  That's what I'm going to do.  I'm going to call my lawyer and have him get down here and explain to you that this is an unacceptable option.,angry
Ses03F_script01_2_M017,What have I got to hide?,angry
Ses04F_impro04_F014,I mean it's not like this is an,angry
Ses03M_script02_2_F000,About what?,angry
Ses03F_impro05_F017,"Well, get- I want the C.E.O. then.",angry
Ses03F_script03_2_M039,"Oh, very amusing, indeed. Amanda, listen-",angry
Ses01F_script03_2_F025,You've always had a weak head.,angry
Ses05M_script02_2_F010,"No, we won't.  It's like waiting up for Santa Clause or something.  I feel like as though my whole life is going to be standing on the beach waiting with my eyes opened expectantly, my hands clasped neatly in front of me, waiting for fish to show up.  And the fish will not show up.",angry
Ses02F_script01_1_F036,Are you crazy?,angry
Ses03M_impro05b_M029,Can you get it to the San Diego airport?  You get someone to drive it to my place alright? Then I get a refund for some...I get a free flight alright? I get free whatever.,angry
Ses04F_script01_1_F015,The trouble is the goddamn newspapers.  Every month some boy turns up from nowhere so the next one is going to be Larry.,angry
Ses01F_script03_2_M027,"That's very interesting Amanda. How about a child of four?  Or a child of six?  Or a child of nine? We can get a good little conversation going on about this, you know, intemperate tots.",angry
Ses03M_script02_2_M029,Do you think that this is what I had in mind?  That four years down the line that we'd get married and come to the beach and argue with each other over fish?  No.,angry
Ses01M_script02_1_F023,We didn't see them the year before either.,angry
Ses03M_script02_2_F003,"Yeah.  Everyone else was sold the same thing.  I mean, look, it keeps us excited, it keeps us coming back for more and you know, keeps us thinking life's going to start any minute now.",angry
Ses03F_script01_1_F017,"It's those Goddamn newspapers, you know? I mean, it's like every day they come out with this new person that comes along. And the next one's going to be Larry.",angry
Ses03M_script03_2_F044,"Listen, you're a cruel fiend and I hate, loathe you.  Thank God finally, finally thank God I've realized just how horrible you are--and marry you?  Marry you?  Never. I will never marry you.  I will die die in torment-",angry
Ses01M_script03_2_F017,Well it's a woman's duty to allure the man. Watch me a minute will you?,angry
Ses01M_script02_2_F010,"Why do you ask me that?  God damn it, I told you not to ask me that I hate it when you ask me that. It's insulting.",angry
Ses02M_script03_2_F023,I don't care. Do you understand? I don't care. I don't care if they bark or roll about like hoops.,angry
Ses03M_script03_2_M006,And what about me?,angry
Ses03M_impro05a_M013,It's my mother's funeral tomorrow and the urn is in the suitcase.,angry
Ses05F_script03_2_F030,There aren't any people upstairs; it's a photographer's studio.,angry
Ses01M_script02_2_M035,You think nothing turns out how it's supposed to.  You think I had some grand idea going that four years down the line.  We would come to this beach and argue over fish?  No.,angry
Ses01M_script02_1_F021,Yes.,angry
Ses03F_impro05_F002,"Where? I don't know. The lost and found. What do you mean, lost and found?",angry
Ses04M_script02_1_F008,There is no point in coming down here.,angry
Ses05M_impro01_M015,"Wouldn't you? Oh, come on.  you just tell me.  You would make an exception for me.",angry
Ses03F_impro08_M010,"Oh, my God.",angry
Ses03M_script03_2_F011,I don't see what you have to go on and on with this kind of thing.,angry
Ses04M_script03_2_F039,"Turn it on again, please.",angry
Ses03M_impro05a_F018,"Sir, I just...you need to calm down is what needs to happen right now.",angry
Ses03M_impro05a_M007,God.,angry
Ses01M_script01_1_M021,She is not Larry's girl.,angry
Ses01F_script03_2_F036,"I won't.  Let go, let go of me. Listen, listen?  I'm sick and tired of listening to you, you sadistic bully.",angry
Ses03F_script03_2_M026,did you see much of Peter Burden after our divorce?,angry
Ses03M_impro05a_M024,What?  Are you kidding me?,angry
Ses04M_impro05_M022,"Yeah.  If it was yours, but it's not. It's mine.  Okay. So just--",angry
Ses03M_script03_2_M008,"Yeah, so am I.  Bored stiff.",angry
Ses01F_script03_2_M030,Well then you'll wake up the people downstairs.,angry
Ses01M_script02_1_F022,"Last year, you'll also remember we got--our shoes got wet, I got sand in my panties, you got a sore throat, we got into a big fight and we did not see the grunions.",angry
Ses01F_script03_2_F014,What?,angry
Ses03F_impro05_F007,"What do you mean, if it shows up? No, I need it now. I have my keys, I have my wallet, I have my money. I have thousands and thousands of dollars worth of stuff in there.",angry
Ses03M_script03_2_F045,Beast. Brute. Cad. Swine. Beast. Beast. Brute. Devil. Sorry.,angry
Ses01F_impro04_F029,Who do you think you are?,angry
Ses05M_script01_2_F017,I can't help it.,angry
Ses01M_script03_2_M031,That's a very good idea I think I will.,angry
Ses03M_impro01_M004,What are you talking about?  It says fill out that part.,angry
Ses05F_impro08_M005,"Can you like talk to somebody about this, can you like can you tell them that this is ridiculous and can they change it from now on, is there a phone number you have that I can call that will like automatically be talking to somebody a human being.",angry
Ses02F_script03_2_F014,What?,angry
Ses04F_script01_1_M034,"I've given it three years of thought.  I hoped that if I waited, dad would forget about Larry",angry
Ses03F_script03_2_M029,I'm not in the least bit drunk.,angry
Ses03F_script01_2_M016,"Look at you, you're shaking.",angry
Ses03F_impro05_F005,"Wait, sir. You're- You're completely not--what do you mean, stole it? How can they just steal it from an airplane? It was up in the air?",angry
Ses02M_impro05_M016,"Theft? Don't you know like all these people that are work - you keep like an eye on them, how can they get away with-",angry
Ses03M_script02_2_F004,"Look, I'm sorry but it's still just fish to me.",angry
Ses02M_script03_2_F040,Oh yes I am.,angry
Ses04M_script03_2_M031,They snap.,angry
Ses04M_script01_2_F013,"Because if he's not coming back, I'll kill myself.",angry
Ses03M_script03_2_M034,You better turn that off.,angry
Ses04F_script01_1_F040,Alright but don't think that way,angry
Ses03M_impro05a_M002,I had eight hundred pounds of luggage.,angry
Ses01M_script03_2_F031,Why?,angry
Ses04F_impro05_F018,"Really, you don't work for anybody.  It's just you?",angry
Ses05F_script03_2_M022,They snap.,angry
Ses01M_impro05_M021,Do you know what was in that little bag that I could have just easily put in overhead compartment but no I had to check?,angry
Ses05F_script03_2_M016,"Oh, that reply has broken my heart.",angry
Ses01F_impro05_F019,"If you're- if you're- if you're looking for a lawsuit, baby, you've found it.",angry
Ses04M_script01_2_F000,Why did he invite her here?,angry
Ses04F_script02_1_F014,What are you so excited about?  This isn't a moon landing we're talking about.  It's fish.  It's fish nobody even eats.,angry
Ses03M_impro05b_M020,"You misplace a lot of, eight pieces of luggage.",angry
Ses01F_script03_2_M020,"Oh really.  It's a pity you didn't have any brandy, it would have made you a little less disagreeable.",angry
Ses01M_script03_2_M029,I think I told you once before that I had three minute liquor glasses the whole evening long.  A Child of two cannot get drunk on that.,angry
Ses01F_script02_1_F006,You keep saying my flashlight like it's just yours.,angry
Ses03M_script01_2_M015,"Wait, what does that mean?  Me above all?",angry
Ses04F_script01_1_F041,"because what the hell did we work for?  This whole shooting match is just for you, Chris.",angry
Ses01M_impro04_M018,"Okay. Okay no, no, no, no okay no, I need to hear this more. Come on, bring it.",angry
Ses02M_script03_2_M043,You're not going like this.,angry
Ses01F_impro05_F021,You are cruising for a bruising.  You are in so much trouble.,angry
Ses03M_script03_2_M030,"Okay, like I mentioned before I had three very small, minute liquor glasses of brandy.  That's not even enough to get a child of two drunk.",angry
Ses01F_script01_2_F009,"Nobody in this house dares take away her faith, Joe.  You know strangers might, but not his father, not his brother.",angry
Ses01M_script01_2_F011,"Oh, laugh at me, laugh all you like but why does this happen to very night she comes back?  She goes to sleep in his room and his memorial breaks in pieces.  Look at it, Joe look.",angry
Ses04F_impro05_F008,No. No. I heard- I heard what you said.,angry
Ses05M_script03_2_F036,Go away!  Go away!  I- I hate you.,angry
Ses02F_script03_2_M043,You're not.,angry
Ses01M_script03_2_F038,"listen Oh I'm sick and tired of listening to you, you damn sadistic bully.",angry
Ses04F_impro04_F006,What?  Who says that?  Bananas don't grow overnight.,angry
Ses03F_script01_1_M046,"Now, Annie's in the middle of all that.",angry
Ses05F_impro02_M014,I don't understand why they would just do something like this?,angry
Ses01M_script03_2_F028,"On the contrary, a child two could get violently drunk on only one glass of brandy.",angry
Ses04M_impro05_M014,"No, no, because, look, I don't care what your policy says.  I mean--",angry
Ses04F_impro01_M014,Ma'am I have other people waiting in line right now.  I have other people waiting in line right now.,angry
Ses02F_script02_2_M029,"Well, welcome to the human race.  Do you think this is what I had in mind when I proposed?  That four years down the road, we'd be at the beach yelling at each other over fish?",angry
Ses04M_script03_2_M054,"You're a mean, evil minded",angry
Ses01F_script03_2_F026,"On the contrary, a child of two can get violently drunk on only one glass of brandy.",angry
Ses05M_script03_2_M029,"Oh, really?  How about a child of three, or child of six, what about a child of nine?",angry
Ses04M_impro05_M016,You--,angry
Ses02F_script01_2_M018,What have I got to hide?  What the hell is the matter with you Kate?,angry
Ses02M_script01_2_F006,-She's not his girl Joe; she knows she's not.,angry
Ses01M_script01_1_M041,I am thinking like that.,angry
Ses03M_impro05a_M028,Sir. Sir. Sir. Sir,angry
Ses01M_script01_1_F032,"Do you know what that'll do to you, to your father, do you know?  I don't.",angry
Ses03F_script01_2_F002,You don't travel seven hundred miles just to see.,angry
Ses04F_script01_1_F030,Well that's a good answer but it don't answer anything.  You haven't seen her since you went to war.  It's been five years.,angry
Ses01F_impro05_F018,Do you understand who my husband is?,angry
Ses04F_impro08_F023,But I'm giving you what you want.,angry
Ses03M_impro01_M023,No.  I'm not going anywhere.  I'm staying here-- I am filling out right now okay just calm down. I'm filling out right now-- Just take the god damn piece of paper.,angry
Ses04M_script03_2_F019,What?,angry
Ses01M_script03_2_M023,"You know what?  You snap, you snap, you snap you're like a little adder.",angry
Ses05F_impro02_M004,You got called up.,angry
Ses05F_script03_2_F031,They're away in Tunis.,angry
Ses03F_script03_2_M028,You had a riotous-must have had a riotous time. No restraint at all. Very enjoyable. You never had much anyhow.,angry
Ses02F_impro01_F020,With your driver's license and your passport.  Just like everybody else.,angry
Ses04F_script02_1_F022,It's ridiculous.,angry
Ses02F_script03_2_M027,I'm not in the least drunk.,angry
Ses01F_script03_2_M033,"Will you turn that off, it's driving me mad.",angry
Ses03M_script01_1_F038,You're just going to leave the business?  You have a business here.  You can't do that.,angry
Ses03F_script03_2_M044,"I wouldn't marry you again if you came back crawling to me on your hands and knees because you're vile. You're a mean, evil-minded little vampire and I hope to God I never set eyes on you again.",angry
Ses01F_script01_1_F041,"All right.  But you don't want to think like that because what the hell are we working for, Chris?  It's all for you.  This whole shooting match is for you.",angry
Ses02F_script03_2_F038,"Listen?  Listen, indeed.  I am sick and tired of listening to you, damn sadistic bully.",angry
Ses03F_script03_2_M043,"Oh, shut up. Shut up. Shut up.",angry
Ses01M_impro04_M023,I'm like a sponge I'm like soaked up with all this information for like three years I'm just dying for a job to like put it in to.,angry
Ses04M_impro05_M044,"Yeah.  If you were really sorry, you'd give me the three checks.",angry
Ses03F_script01_2_F015,"Don't, don't laugh at me, don't laugh at me.",angry
Ses04F_script03_2_F043,"Oh, I hate you. It's a good thing that I found out in time what you're really like. Marry you again?  Never, never, never.",angry
Ses03M_script03_2_F001,Presents?  A trivial little broach.,angry
Ses01M_script01_1_F015,"To you it is, to me it is.  But to your father?  You can talk yourself 'til you're blue in the face but there's was no grave and there is no body.  So where are you?",angry
Ses02M_impro01_M010,"It's standard? I mean I don't work at the D.M.V. how am I supposed to know that, like, I stand in line, I get my",angry
Ses03F_script03_2_M038,Turn it off.,angry
Ses04F_script02_2_F034,"Oh, right, sure this is standing on the beach.  This is waiting.  This is fighting.",angry
Ses04M_script03_2_M034,You must have had a riotous time.,angry
Ses04M_script03_2_F051,"Never, never, never.  I'd rather die in torment. Beast brute.",angry
Ses01F_impro05_F008,Flight seven fourteen.,angry
Ses03M_script01_2_F000,Why did he invite her here?,angry
Ses03M_script03_2_M005,You let him kiss you. You said so.  What of it?,angry
Ses01F_impro05_F009,"Am I going to be getting, like, free tickets, free mileage. When can I expect my bag here?",angry
Ses05M_script01_1_M034,"I'll get out.  I'll go get married and live someplace else.  I don't know, maybe New York.",angry
Ses01M_script01_1_F017,Why?,angry
Ses04M_script01_1_M014,"For God's sake, three years.  Nobody comes back after three years.  It's insane.",angry
Ses01M_script01_1_F035,Are you crazy?,angry
Ses04M_impro05_M045,"So why don't we just do that and stop this nonsense, hmm?  Hmm?",angry
Ses03F_script02_2_M026,"A-a back rub, some ice cream, a suicide pact. What the hell do you want, Carla?",angry
Ses02F_impro05_F006,"That's all, that's all, that's all you're going to do is just give me fifty dollars and say go have fun on your vacation without any of your stuff?",angry
Ses04M_script03_2_M029,"Snap.  Oh, snap, snap, snap, like a little adder.",angry
Ses04F_impro01_F019,I'm testing your patience?,angry
Ses05F_impro02_M010,Where do you have to go?  Where are you going?,angry
Ses01F_impro01_F012,That's out of control.,angry
Ses01M_impro05_M028,I know what you guys do when you're not working you're union people; you just sit around on your ass.,angry
Ses02F_script03_2_F020,"Adders don't snap, they sting.",angry
Ses03F_impro05_F016,Give me--I'm going to talk to your supervisor. Give me your supervisor. I want to talk to your supervisor right now.,angry
Ses05F_impro05_F024,"That's all you can offer me? I mean, my the stuff in there is worth way more than fifty dollar.",angry
Ses01F_script01_1_F035,What the hell is this?,angry
Ses04M_script03_2_F041,Go away.  Go away.  I hate you.,angry
Ses02F_script03_2_F013,Don't be so stupid.,angry
Ses04F_script03_2_M008,"That's a nice point of view, I must say.",angry
Ses01M_impro05_M006,I've been sitting here for four hours.,angry
Ses04F_script01_1_M022,Sometimes you have a- Sometimes you have a talent for ignoring things.,angry
Ses04F_impro08_M018,You're going to fill out a form on your desk,angry
Ses04F_script03_2_M005,You let him kiss you.  You said you did.,angry
Ses04M_script01_1_F040,"Alright.  But just don't think like that because what the hell did we work for?  That's all for you, Chris.  The whole shooting match is just for you.",angry
Ses02F_script03_2_F036,You are far too temperamental.  Try to control yourself.,angry
Ses05M_script01_1_M020,"Oh, so it isn't just my business?",angry
Ses02F_script03_2_F043,Thank God I realized what you are-- I'd never marry you again ever in my life. You're a cruel fiend and I hate you. You're a beast. You're a beast--I hate you. Stop it.  Stop it.,angry
Ses04F_script03_2_F037,Listen? Listen indeed.  I'm sick and tired of listening to you.  You damn sadistic bully.,angry
Ses03M_impro05a_M018,Calm down?  It's my mother's funeral tomorrow.  I'm the one responsible for this.,angry
Ses04F_script03_2_F042,"Oh, I am.  Let go of me.",angry
Ses01F_impro05_F026,What's your name?,angry
Ses04F_script01_2_F005,"What's going on here, Joe?",angry
Ses02M_script01_1_F026,"Trouble is you don't see enough women, you never did.",angry
Ses03M_script03_2_F024,"Adders don't snap, they sting.",angry
Ses04F_script03_2_M031,Very good idea.  I will.,angry
Ses05F_impro08_M004,"This is ridiculous.  I- I seriously, I don't understand why you think these automated systems are supposed to like work for anybody.  They have never, ever work for me.",angry
Ses01F_impro05_F014,"You're kidding me, this is a joke.",angry
Ses01M_script03_2_F023,"I don't care.  I don't care, do you understand?  I don't mind if they bark and they roll about like hoops.",angry
Ses01F_script03_2_M022,Nonsense.  They have a bag of venom behind their fangs and they snap. They snap.,angry
Ses04F_impro08_M019,because I know you're at a desk right now in your stupid corporate building and you're going to send me a check for sixteen dollars and forty two cents.,angry
Ses02M_script03_2_F042,You're a beast. I hate you. Stop it. Stop it.,angry
Ses03M_script03_2_M043,You're not going nowhere. No you're not.,angry
Ses04M_script01_1_F039,You don't want to think like that.,angry
Ses01F_script03_2_M034,Turn it off.,angry
Ses03F_impro08_M014,"That's it? Okay, yeah.  What else?",angry
Ses03M_script01_1_F020,"Well what do you want me to do?  I mean, you're old enough to know your own mind.",angry
Ses04F_script03_2_M034,There are people downstairs I suppose.,angry
Ses04M_impro05_M009,"fifty dollars. No way, no.",angry
Ses04M_script03_2_M056,Whore.,angry
Ses01M_impro01_F022,"Maybe you never been to the D.M.V. before, maybe you should get back in line.  You know what?  sit in line again and if you get my number ask for different one.",angry
Ses05F_script01_1_F034,Are you crazy?,angry
Ses05F_impro02_M015,It doesn't make any sense.  It's stupid.  I told you you shouldn't go in the Army.,angry
Ses04M_script01_1_F018,What do you want me to do?  You're old enough to know your own mind.,angry
Ses04F_script01_2_F009,Probably a hundred people told her she's foolish but she's waited.,angry
Ses01M_script01_1_F042,"I don't understand you, do I?",angry
Ses04F_script03_2_M037,Turn it off.  It's driving me mad.,angry
Ses04F_script01_1_F036,You've got a business here.  What the hell is this?,angry
Ses03M_script03_2_F031,"On the contrary, a child of two can get violently drunk off just one glass of brandy.",angry
Ses02F_script03_2_F039,"I hate you.  Stop it.  Stop it.  I hate you, do you hear?  You're conceited and overbearing and utterly impossible.",angry
Ses04F_impro05_F013,I didn't sign anything. I didn't sign anything. And you people have got to make-,angry
Ses01M_impro01_F012,Probably.,angry
Ses03M_script02_2_F011,"Augie, god dammit, don't ask me that.  You always ask me that.  I hate it when you ask me that.  It's insulting.",angry
Ses01M_script01_2_F000,Why did he invite her here?,angry
Ses04F_script03_2_M027,I'm not in the least drunk.,angry
Ses04M_script03_2_M033,"I suppose you let him kiss you a good deal more then, hmm?",angry
Ses05M_script03_2_M027,I am not the slightest bit drunk.,angry
Ses05M_script01_1_F014,"The trouble is the God damn newspapers.  I mean every every week a kid turns up, missing like longer than Larry.",angry
Ses03F_impro05_F015,"No, they said I couldn't lock it.",angry
Ses02F_script03_2_M038,Turn it off.,angry
Ses02F_script01_2_M016,What does that mean?  Me above all?,angry
Ses02M_script01_2_F005,What's going on here Joe?,angry
Ses01M_script01_2_M016,Look at you. You're shaking.,angry
Ses04M_script01_2_F003,Nobody comes seven hundred miles just to see.,angry
Ses04F_script01_1_M012,We've got to say it to him.,angry
Ses04M_script02_1_F010,So let's go home.,angry
Ses04F_impro04_F025,Well you- just you're doing something wrong.,angry
Ses03F_script03_2_M016,Nothing.,angry
Ses01M_impro05_M031,Thank you very much.,angry
Ses02F_script01_1_M013,"For God sakes, it's been three years.  Nobody comes back after three years.  It's insane.",angry
Ses04F_impro04_F030,What's my problem?  What's my problem? I don't have a job.,angry
Ses01F_script02_2_F016,"For God's sake, this is not about fish.",angry
Ses01M_impro05_M022,My computer which has all of my data which I'm collecting right now.,angry
Ses01M_impro05_M023,Yeah it's really unfortunate you know why because I'm going to get fired if I don't get that.  So I need to have that back.,angry
Ses01M_script03_2_F037,Stop it. No. Go away.,angry
Ses04M_script01_2_F014,Laugh.  Laugh at me.  But why did that happen the very night that she came here?,angry
Ses01M_script01_2_F012,"Believe with me Joe, you got to believe. Only last week a boy came back missing longer then Larry you read it yourself.",angry
Ses04F_script02_1_M031,We just weren't in a good spot.  This is a much better spot.,angry
Ses03M_impro05a_M012,And what are you going to do about it?  You going to call someone?  You going to send me somewhere else?,angry
Ses04F_impro08_M013,"Look, I don't want to be transferred over to another- All I want to do is just give you my name and address so you can send me a check.",angry
Ses05F_script03_2_M014,"Really, Amanda.",angry
Ses02M_script02_2_F013,"I did want to see them, I always do. I mean I keep thinking that this is going to be the time and it never is.",angry
Ses01F_script02_2_F006,"Don't ask me that.  I hate it when you ask me that, you always ask me that.  It's insulting.",angry
Ses02F_script01_1_F019,What do you want me to do?  You're old enough to know your own mind.,angry
Ses04F_script03_2_F039,"Stop, stop.  I hate you.  Do you hear?  You're conceited and overbearing and utterly impossible.",angry
Ses03F_script03_2_M001,I knew nothing of the sort. You took presents from him.,angry
Ses04F_script01_1_F022,I ignore what I got to ignore. The girl is Larry's girl.,angry
Ses01F_script03_2_F028,Shut up.,angry
Ses05M_script01_1_M025,To hell with that!,angry
Ses01M_script01_1_F011,What do you mean a mistake?,angry
Ses04M_script01_1_F036,You've got a business here.  What the hell is this?,angry
Ses05F_script01_2_F017,I can't help it!,angry
Ses03F_script01_2_F000,Why did you invite her here?,angry
Ses04M_script03_2_M047,Turn it off.,angry
Ses05F_script01_2_F011,"Because if he's not coming back, then I'll kill myself.",angry
Ses01F_impro05_F025,"I don't want money, I want my clothes.",angry
Ses01M_script03_2_M030,"Oh very, very interesting Amanda.  How about the child of uh... four, six or maybe nine---you know, we could work up a splendid little debate about it, you know?  Intemperate tots.",angry
Ses04F_impro02_M020,"You're acting like, you know, you're the one who's going all through, you know, all this shit and it's really- it's really not.",angry
Ses04M_script03_2_F040,"Very well, if you insist on being boorish and idiotic.",angry
Ses04M_script03_2_F050,Marry you again? Huh.,angry
Ses04F_script03_2_F023,"Yes, I did quite a lot.",angry
Ses05M_script01_2_F005,"What's going on here, Joe?",angry
Ses04F_script01_1_M030,Because it is.,angry
Ses04F_script01_1_F032,You marry that girl.  You're pronouncing him dead.  Now what happens to your father?  Do you know because I don't?,angry
Ses02F_script01_1_M037,The business?  The business doesn't inspire me.,angry
Ses04M_script02_2_F025,No.,angry
Ses04M_script03_2_M011,What of it?,angry
Ses05F_impro05_F033,What do you mean as you can?  Who makes up these rules?,angry
Ses01F_script01_2_M017,"What have I got to hide?  What the hell is the matter with you, Kate?",angry
Ses03F_script01_1_M022,"-Oh, you infuriate me sometimes. You know, it's not just my business too if dad throws a fit.",angry
Ses05F_impro05_F018,Uh- Not lose the baggage in the first place. I mean You're offering a service here. I paid so much money for that ticket.,angry
Ses03M_impro05a_M001,Yeah.  You do that.  I'm coming from Baltimore.  You know where that is?,angry
Ses03F_impro08_M012,A free calling card?,angry
Ses05M_script03_2_F044,pig,angry
Ses02F_script01_2_F005,It's got that all about it.,angry
Ses03M_impro05b_M024,in all thousand flights I've been on probably I can't even count how many flights I've been on.  This has never happened before.,angry
Ses01M_impro05_M025,Well you need to find it. Can I just go back there and look through the bags?  Can I just go back there and just go through maybe I'll find it.,angry
Ses04M_impro05_M018,"Just -- you can fill out the form--We can fill out - no, no, no, we can fill out the form three times.",angry
Ses04F_script03_2_F005,What of it?,angry
Ses02M_script03_2_M047,I wouldn't marry you again if you came to me on your bended knees. You're a evil minded little vampire. I hope to God I never see you again as long as I live.,angry
Ses02M_script02_1_F018,"Last year you'll also remember our shoes got wet, I got sand in my panties, you got a sore throat, we got into a big fight over nothing, and we didn't see the Grunions.",angry
Ses04M_script03_2_M035,"No restraint at all, very enjoyable.  You never had much anyhow.",angry
Ses04F_impro01_F008,I've been to the back of the line five times.,angry
Ses01M_script03_2_F034,"Turn it on again, please.",angry
Ses03M_impro01_M011,I'm not going anywhere.  I'm staying right here.,angry
Ses03M_impro01_M029,What is wrong with you?,angry
Ses01F_script01_2_F004,It's got that about it.,angry
Ses04M_script03_2_M008,"You must admit that he was in love with you, wasn't he?",angry
Ses05M_script03_2_M031,You know what?  That's a very good idea.  I think I will.,angry
Ses05M_script01_2_M015,"What's that suppose to mean, me above all?  Look at you, you're shaking.",angry
Ses03F_script03_2_M034,"Well, I suppose the people downstairs then.",angry
Ses02F_impro05_F019,It sounds like it's such a little like oh well no big deal whatever.  It's a big deal to me.,angry
Ses03M_impro01_F025,"This entire time you're fighting with me sir, you could've finished the form and already been half way-- No.  Get out.",angry
Ses03M_impro05a_M004,Is it there?,angry
Ses03M_script02_2_F033,Cause everything isn't anything like I thought it would be.,angry
Ses01F_script03_2_F018,You shut up.,angry
Ses04F_script03_2_M016,"Going somewhere, my dear?",angry
Ses01F_script01_2_F012,"Because if he's not coming back, I'll kill myself.  Oh laugh, laugh all you like but why does this happen the very night he comes back.  She goes to sleep in his room and his memorial breaks in pieces.  Look at it, Joe, look.",angry
Ses01F_impro05_F030,A letter? I'll make a personal phone call.,angry
Ses01M_script03_2_F011,I don't see why you want any you already had two glasses.,angry
Ses05F_impro01_F020,"Right, well, last time they told me, it was this line, and obviously, it's not true.",angry
Ses04F_impro01_F014,I mean look she's -she's perfectly nice.  She doesn't mind waiting for a couple of minutes because I've been here all day. I have a job to get back to.  I have kids to pick up from school.  I can't just stay here.,angry
Ses05M_script03_2_M033,Because it's very late and you'll disturb the people upstairs.,angry
Ses01M_script01_1_F039,"Well, you don't want to think like that.",angry
Ses04M_script03_2_M041,You better turn that off I think.,angry
Ses01F_script02_2_F008,"For God- Grow up, Augie.  The fish are not going to arrive.",angry
Ses01M_impro05_M026,It'll be a lot more than what you're doing sitting here and just give me lip service.  I'd like to go back at least do some aggressive searching for my stuff.,angry
Ses02M_script03_2_F037,"Listen indeed. I'm sick and tired of listening to you, damn sadistic bully.",angry
Ses05M_script03_2_M009,"Me, too, bored stiff.",angry
Ses01F_script03_2_M023,Did you see much of Peter Burden after our divorce?,angry
Ses04M_script02_2_M007,"There's nothing to it.  We come down here.  The grunions arrive.  They do their little fish business.  We go ooh, ah, look at the fish.  They go home.  We go home.",angry
Ses03M_script03_2_M039,"Come on, turn it off.  It's driving me mad.",angry
Ses04M_impro05_M015,You understand that the contents of my bag- The contents of my bag cost a hundred and fifty dollars.,angry
Ses01F_script01_2_F007,"Then why is she still single?  New York is full of men, why is she still single?  Probably a hundred people told her she's foolish, but she waited.",angry
Ses03M_script01_1_F043,"I mean what the hell have we worked for then?  I mean, it's all for you Chris.  The whole shooting match is for you.",angry
Ses04F_impro01_F016,This is your job is to help people like me who need to get a new license.,angry
Ses05M_impro04_M040,"Yeah, well thanks for your help.",angry
Ses04M_script03_2_F022,"Oh, no, it isn't.",angry
Ses02F_impro01_M017,"Ok, but you're right now you're holding up more people in line by standing here-- and letting",angry
Ses02F_script03_2_M042,You're not going like this.,angry
Ses03F_script03_2_M027,"I imagine that you let him kiss you quite a bit more then, didn't you?",angry
Ses05M_script03_2_F041,"You are a cruel fiend and I-I loath you.  I thank God I realized who you are before I decided to marry you again.  Oh my God, never!",angry
Ses05F_impro05_F019,"No, but I mean like why can't- why can't you find it?  Where did it go?  Who lost it?",angry
Ses01M_impro01_F007,"No, I need your ID to give you a second ID.",angry
Ses04F_script01_1_F023,"From father's point of view, he's not dead and you have no right to take his girl.",angry
Ses05M_script03_2_M043,"[GARBAGE] No, you're not.",angry
Ses04F_script03_2_M006,What of it?,angry
Ses04F_script02_1_F021,About what?,angry
Ses04F_script03_2_F028,"Oh, shut up.",angry
Ses04M_script01_1_M021,"Well, then you know it's not only my business.",angry
Ses04F_impro08_M022,Cindy?  Cindy what?,angry
Ses02F_script03_2_F025,You're quite insufferable,angry
Ses04M_script02_2_F029,But this isn't anything like I thought anything would be like.,angry
Ses03F_script03_2_M015,"Really, Amanda.",angry
Ses03M_script01_1_M039,I've been a good son too long.  A good sucker and I'm through with it.,angry
Ses04M_script01_1_F011,You can't say that to him.,angry
Ses02M_impro01_M018,You- shouldn't you have like a sign or something maybe like up on the counter when you get the applica- maybe on the application,angry
Ses04F_impro05_F011,Look fifty dollars is unacceptable.  My bag itself cost over a hundred and fifty dollars.  You can't just give me fifty dollar gift certificate to Percoes or whatever the hell and then send me off like that's- that's good enough.  Like that's all I needed was fifty dollars.  My bag is worth more than that.,angry
Ses04F_impro05_F012,I expect your airline who was responsible for my bag to give me the equivalent of the bag and all of the things in it.,angry
Ses01M_script01_1_F041,"Well, you don't think like that.",angry
Ses04M_script03_2_M030,"They -- nonsense, they have a little bag of venom behind their fangs and they snap.",angry
Ses04F_script02_2_F011,Twice is every time we've tried that's ever.,angry
Ses03M_script01_1_F016,No.  It's his god damned newspapers is what it is.  Now every month there's a new boy comes home and Larry's going to be the next one.,angry
Ses02M_impro05_M013,"But we have the tags on. I mean like it wouldn't you know, if it got stuck somewhere it's like well this is nobodies bag I mean maybe you know look on the tag and",angry
Ses03M_script01_2_M014,"Alright, alright, calm yourself okay?  Calm yourself. Wait, wait.  What do you mean, me above all?",angry
Ses01M_script03_2_F029,Shut up.,angry
Ses05M_script01_1b_M020,She's not Larry's girl.,angry
Ses02M_script03_2_F039,"This is the end, do you hear? The end finally and forever.",angry
Ses01M_script03_2_M041,You're not going like this.,angry
Ses05M_script03_2_M040,Ja! Very funny.,angry
Ses02M_script01_1_M037,"I've been a good son too long a good sucker, I'm through with it.",angry
Ses05F_script03_2_F037,I hate you.,angry
Ses01M_script02_2_F011,"I just, we just have different ideas of what this evening is supposed to look like.",angry
Ses04F_impro05_F017,"I've had enough.  I want to talk to-no, no unacceptable I want to your supervisor. I am done with this.",angry
Ses01M_script03_2_M026,I suppose you let him just kiss you or good deal more than too.,angry
Ses05M_impro01_M005,"I'm not getting a -- well, you wait in this line and not get an attitude.",angry
Ses04M_script03_2_F010,What of it?,angry
Ses02F_script02_2_F011,"I mean, I feel like my whole life is gonna be spent standing on the beach with my eyes wide open and my hands clasped expectantly waiting for the fish to show up.  And the fish won't show up.",angry
Ses01M_script03_2_M042,No you're not.,angry
Ses01M_script03_2_M039,That's very amusing indeed.,angry
Ses01M_script03_2_M038,Amanda listen. Listen.,angry
Ses05F_script01_1_M025,To hell with that!,angry
Ses03F_script03_2_F038,"Listen, indeed. No, no, no, no. I am sick and tired of listening to you, you sadistic bully.",angry
Ses01M_script01_1_F016,The trouble is those god damn news papers.  Every month some boy comes back missing longer then Larry so--,angry
Ses04M_script03_2_M048,Listen--,angry
Ses03M_impro08a_F020,This is ridiculous.Well what are we supposed to do?  We starve then because I can't use my phone cause,angry
Ses01F_impro05_F022,Who's in charge?  Who is the president of Jet Blue?,angry
Ses05M_script03_2_M039,Very amusing indeed.,angry
Ses01M_script01_1_F023,I'm sorry.  I ignore what I've got to ignore. That girl is Larry's girl.,angry
Ses01F_script03_2_M007,What about me?,angry
Ses05F_script02_2_F005,"God damn it, Augie.  Why do you always ask things like that?  It's so insulting.",angry
Ses04M_impro05_M010,"I don't but the thing is, I don't care about your policy.",angry
Ses02M_script01_1_F032,What the hell is this?,angry
Ses04F_script02_1_F019,We didn't see them the first time either.,angry
Ses03M_script01_1_M011,"Why shouldn't he walk around and dream at him at night.  Walk around.  Why shouldn't he walk around?  Why shouldn't he dream of him, walk around at night waiting for him?  Do we contradict him?  Do we say flat out that we don't have anymore hope?",angry
Ses02F_script03_2_M039,"Amanda, listen. listen",angry
Ses04F_script03_2_M042,You're not going like this.,angry
Ses03F_script01_2_F006,She's not Larry's girl. She knows that.,angry
Ses01F_script03_2_F016,Oh.  It's a woman's duty to allure the man.,angry
Ses03M_script03_2_F010,I don't know why you want it.  You've already had two glasses.,angry
Ses03F_impro08_M006,You know what?  I'm just going to- Patient?  I'm a busy man.,angry
Ses04F_script03_2_F025,You're quite insufferable.  I expect it's because you're drunk.,angry
Ses04M_impro05_M026,but I need to speak to somebody who can make the three check thing happen.,angry
Ses04F_script03_2_F041,finally and forever,angry
Ses05F_script03_2_F033,"Fine, if you insist on being completely insolent.",angry
Ses03F_script01_2_M014,Huh?,angry
Ses04F_script02_1_F012,I just don't.  It's stupid.,angry
Ses01M_impro01_F008,It's really simple if you have a problem with it... Maybe you should--,angry
Ses04F_script02_2_F009,"For heaven's sake, grow up we are not going to see the Grunions.",angry
Ses03M_impro05a_M022,Oh my God.  I think a blood vessel burst in my head.,angry
Ses05F_script03_2_M005,You let him kiss you.  You said you did.,angry
Ses03F_script01_2_M018,"Huh? What the hell's the matter with you, Kate?",angry
Ses03F_script03_2_M020,"Yes, it is.",angry
Ses05M_script01_1b_M035,The business?  The business doesn't inspire me.,angry
Ses04F_script03_2_F026,You always had a weak head.,angry
Ses03F_script03_2_M041,"You know, you're a vile, ill-tempered, wicked little beast and I hope that I never see you again as long as I live.",angry
Ses04M_script03_2_M014,So am I; bored stiff.,angry
Ses01M_script01_1_F014,"What, can you prove it?  What proof do you have?  Can you prove it?",angry
Ses05M_script03_2_F017,"No, it isn't.",angry
Ses04F_impro01_F022,"Please just put the form in, take the picture, let me get my license and get the hell out of here.  Please.",angry
Ses05M_script03_2_M026,"I'm sure you had a riotous time, no restrain at all, very enjoyable.  You never had much anyway.",angry
Ses03M_impro05b_M015,Of course I had my name tags on the luggage.,angry
Ses01M_impro01_F001,My window is open.,angry
Ses02M_script03_2_M045,Shut up.,angry
Ses01F_script01_2_F006,She is not his girl.  She knows she's not.,angry
Ses05M_script03_2_M044,oh! Marry you again? I wouldn't marry you again if you came crawling to me on bended knee.,angry
Ses03M_script03_2_F025,They sting.,angry
Ses01M_script02_2_F031,This what?  What is this?  This isn't even anything.,angry
Ses01M_script02_1_F014,Then let's go.,angry
Ses03M_script02_2_M031,...and you know?  Baby the jokes on us.  Because you know what you get?  Do you know what you get Carla?  You get this.,angry
Ses03M_script03_2_F029,You're quite insufferable.  I expect it's because you're drunk.,angry
Ses03M_script01_1_M022,Oh see then it's just not my business. God you infuriate me sometimes.  Isn't my business too if dad throws a fit?  Huh?  God you have such a talent for ignoring things.,angry
Ses02F_script03_2_F034,"Turn it on again, please.",angry
Ses02M_script03_2_M027,"No restraint at all, very enjoyable, never had much anyhow.",angry
Ses04F_script03_2_M035,This is no time of year for Tunis.,angry
Ses05M_script03_2_M034,"Well, there are people downstairs, I suppose.",angry
Ses03M_impro05a_M016,"Oh, oh, that's a good deduction.",angry
Ses02M_script03_2_F036,Stop it. Stop it. I hate you.,angry
Ses02M_script03_2_M001,I knew nothing of the sort. You took presents from him.,angry
Ses04M_script03_2_F030,Mind your own business.,angry
Ses04F_script03_2_M040,Very amusing.,angry
Ses03M_impro05a_M005,Yes.,angry
Ses03M_impro05a_M000,Yes you can help me.  Where is my luggage?,angry
Ses05M_script01_1b_M031,"I've given it three years of thought.  I had hoped if I waited, dad would've forgotten him by now and we could have a- a regular wedding and everybody happy.",angry
Ses05M_script03_1_M027,Horrible thing.  I hated it.,excited
Ses04F_impro07_F058,Excellent.  Drive drunk people around because you know that's all campus cruisers for.,excited
Ses04M_impro07_F003,know you applied to U.S.C..,excited
Ses03F_script03_1_M011,"[LAUGHTER]. You mustn't be serious, my dear one, that's what they want.",excited
Ses05M_impro03_M000,Guess what?,excited
Ses01M_impro07_F027,I am not saying you should be. I'm not no. I think it's great I think you should be incredibly proud yourself especially because you're going to U.S.C for free for doing it. For free.,excited
Ses05F_impro03_F007,I know me neither.,excited
Ses02F_impro07_F034,"I know, and I mean the area's not great, but like the school makes up for it. It'll be fine. It'll be good.",excited
Ses05M_impro07_M000,Guess what?,excited
Ses02F_impro07_F025,"I- They have like--they just have so many like prestigious like this school is top ten and like the departments within it, you know what I mean.",excited
Ses05F_impro07_M015,"You're going to have so much fun.  And there's lo- tons of people, you're going to meet so many people, I'm going to meet so many people too, because we're going to be there together.",excited
Ses04M_script02_1_M003,"How you doing?  Oh, no, you know what I did?  I forgot to bring my flashlight.  How could I be so stupid?  I should have brought my flashlight.",excited
Ses02M_impro07_M032,"[LAUGHTER] Thanks, yes, thanks, yes That'll be cool.",excited
Ses05F_script03_1_M015,Who knows?,excited
Ses04M_impro07_F002,I didn't even,excited
Ses02M_script02_1_M037,"Out there somewhere there is this huge mass of silver fish headed this way,",excited
Ses03M_impro03_M004,Okay we were at Chuck E. Cheese.,excited
Ses01M_script02_2_M003,"Well, so?  What do you think?",excited
Ses01M_impro07_M010,"That's a really good idea. Or I could go to like Santa Monica. Go beach. Venice beach, yeah a little dirty though. I don't want to go to Venice beach. But - Malibu. All right.",excited
Ses05F_script03_1_F025,Charles.  That was his name.  He did wriggle so beautifully.,excited
Ses05M_script01_3_F013,"Well, I mean, until then you never wrote and when you did, what did you say?  I mean, you sure can be ambiguous.",excited
Ses05M_script03_1_F026,"Oh, It burnt my comb and all the towels in the bathroom.",excited
Ses01M_impro07_M009,Where should I move?,excited
Ses04M_impro07_F027,"Wow, you are a winner and a half. [LAUGHTER]",excited
Ses05M_script03_1_M030,"[LAUGHTER] That was quit a rouser, wasn't it?",excited
Ses02M_script03_1_M014,flippancy brings out the acid in their damned sweetness in light.,excited
Ses05M_script03_1_M001,I wonder.,excited
Ses03M_impro07_M020,And tonight my parents want to take me out to sushi and they said I could bring you.,excited
Ses02M_script03_1_M015,"Certainly you must, we figures of fun all right.",excited
Ses02M_impro07_F013,"Oh, yay. Thank you. [LAUGHTER].",excited
Ses04F_script03_1_F011,Don't laugh at me.  I'm serious.,excited
Ses04F_impro03_F000,I have something to tell you.,excited
Ses04M_impro07_F008,Is U.S.C. known for its history program?,excited
Ses03M_impro07_M005,I got into the...,excited
Ses05F_script01_3_M010,"You feel it's wrong here, don't you- this yard, this chair?  I want you to be ready for me Annie.  I don't want to win you away from anything.",excited
Ses05M_script02_1_M009,"Oh, I wonder if they can hear me or if they can feel the vibrations when we move around in the sand. or something",excited
Ses02M_script03_1_M018,"Yes, yes, with all his might.",excited
Ses04F_script03_1_F024,"Yes, I know you did.  You threw him out of the window into the Grand Canal.  I don't think I'll ever forgive you for that.",excited
Ses04F_impro03_F048,You really like,excited
Ses01F_script02_1_M038,"Just all at once, they turned and they formed this line as long as the California coast.  And some instinctual little firecracker went off in their bodies and they all just turned as one and started swimming.",excited
Ses05M_impro07_M006,oh-,excited
Ses02M_impro07_M022,Maybe we'll do it again this year.,excited
Ses04F_impro07_F021,okay.  Well I'm not going to be undecided forever. [LAUGHTER],excited
Ses04F_impro07_M037,"I don't know I just thought that, you know, maybe we could, you know, I don't know.  It's like, you know, just test the waters anyway.  I don't see what the problem is.",excited
Ses01M_script02_1_M017,I can't believe I got out of the house without my fly zipped up even.,excited
Ses02M_impro03_F000,What? What? You look really happy what's going on?,excited
Ses04M_script03_1_F025,It went on intermittently for days.,excited
Ses04F_impro03_F044,You don't look like you're going to faint.,excited
Ses05F_impro07_M014,"Oh, I bet you're going to love it too.  You always wanted to go to U.S.C..",excited
Ses03M_script03_1_F005,That sent shivers up my spine.,excited
Ses03M_impro03_M003,This guy. Yeah.  Can you believe it? She said yes too. Yeah.  She said yes.,excited
Ses03M_impro07_M013,"I have some bad news.  I was like what?  She's like not really you got into U.S.C. and I was like, I was like oh my God.  I was about to tear my own hair out.",excited
Ses01F_impro07_F009,Yeah.  I'm not sure.,excited
Ses05F_script03_1_M005,Hello?  Hello?  What?  Wrong number.,excited
Ses05F_impro03_M045,"I don't feel so bad then.  Well, I'm excited for you.",excited
Ses05F_impro07_F000,So guess what.,excited
Ses04M_script02_1_M023,There's mystery here and magic; a little bit of the unexplainable.  I don't see how you can not be interested.,excited
Ses01F_impro07_M003,"Oh-Yeah, I bet you're really excited. Oh.  That's what loans are for?  Right? Exactly.",excited
Ses02F_script03_1_M023,"Come and kiss me, darling, before your body rots and worms pop in and out of your eye sockets.",excited
Ses04F_script02_1_M026,"like the swallows returning to Capistrano or the lemmings throwing themselves off the cliffs, like that.  There's mystery here and magic",excited
Ses03M_script02_1_M014,"God.  Oh, you know what would be good right about now?  A six-pack.  A six-pack would be just the ticket.",excited
Ses05F_impro03_M032,That is amazing.  You must be so excited.  Did you tell your mom?,excited
Ses05M_script03_1_M023,"[garbage] Darling, kiss me before your body rots and worms start popping in and out of your eye sockets.",excited
Ses02F_impro07_F015,"Like, now that I'm accepted, it's just, like, such a huge load off my mind.",excited
Ses02M_impro03_F007,I would have thought you would have told me that you were planning on doing this.,excited
Ses01M_impro07_M007,Thank you.,excited
Ses03M_script02_1_M034,"Look, is that...no is that just seaweed?",excited
Ses04F_impro07_F038,On occasion I've heard of it.,excited
Ses04F_impro03_M037,I'm thrilled.  God.,excited
Ses05F_script01_3_M039,"I I want you now, Annie.",excited
Ses04F_impro03_F034,"Throw in a little- little, uh, trim in yellow.  Maybe some yellow flowers.",excited
Ses01M_script02_1_M044,"And form the line and started swimming, swimming that would bring them to this point here...",excited
Ses01M_impro07_F007,That is incredible. Do you get like a per diem?,excited
Ses05M_impro03_F019,Oh I'm so excited for you.,excited
Ses02M_impro03_F014,She must have flipped out.,excited
Ses03F_impro03_M005,yeah [LAUGHTER],excited
Ses05M_impro07_M040,"Yeah, yeah, yeah.  And it's gonna work out.  I'm gonna be able to pay for it, I'm gonna go, I mean, I'll have a little debt in the end.  But I don't care.",excited
Ses01M_impro03_F015,"Yeah.  My colors are blush and beige what is it, do you know?",excited
Ses03F_impro07_F007,"I got--U.S.C.. I got- Yeah, I got the acceptance letter.",excited
Ses01M_impro03_F019,How exciting. You should have a wedding on the beach.,excited
Ses04F_impro07_F008,[LAUGHTER] It's safe around there.,excited
Ses02F_impro03_F021,"Yeah, I don't know-[LAUGHTER]-I mean--I can't even--the whole idea of like living--spending my whole life with somebody--that's crazy",excited
Ses04F_impro07_M045,"Yeah, you want to go.  No, you want to go. You want to go.",excited
Ses05F_script02_1_M020,"Yeah but that moment on the beach is the highlight of their little lives, all that flopping around is laying eggs or what you- mating or spawning or something like that.",excited
Ses05F_script03_1_M028,The worst one was in Cannes when your curling irons burnt a hole in my new dressing gown.,excited
Ses03F_script02_1_M014,"You know what would be good right now? A six-pack. Ah, I can't believe I forgot a six-pack. A six-pack would be just the ticket right about now.",excited
Ses05M_impro07_M004,"oh, Theater. yeah, yeah.",excited
Ses04F_impro07_F031,Right.  Now you're with me.,excited
Ses05F_impro07_M029,"living near the U.S.C. campus by myself, not going to school there. just really pathetic and sad.",excited
Ses01M_script03_1_M029,"Come here darling, kiss me",excited
Ses02M_script02_1_M004,"Is that -- is that, no? Was that just foam? I can't even tell.",excited
Ses04F_script02_1_M035,No one sent them a map or an invitation.  Just some little instinctual time release firecracker went off in their little bodies and all as one. They turned and formed a line as long as the California coast and started swimming.,excited
Ses05M_script03_1_M013,"You mustn't be serious, darling.  That's just what they want.",excited
Ses05F_impro03_M007,And you actually said yes.  I can't believe it.  I never thought you would get married.,excited
Ses05M_script01_3_M001,"So, you're not sorry I came?",excited
Ses04M_impro07_F016,Give or take. [LAUGHTER],excited
Ses02M_script02_1_M040,"It's single mindedness, with no mind, it's urgency that's pure urge, they don't know what drives them. They don't ask it a name or ask it a question,",excited
Ses04M_script03_1_F009,It's true.  The whole business is a very poor joke.,excited
Ses02M_impro07_F022,I know. It's so cool.,excited
Ses03F_impro03_F006,"And I'm like oh, he went to the- -the bathroom, but he didn't tell me, I didn't even notice him leaving. And all of a sudden, I swear to God, I'm sitting there and-",excited
Ses03F_impro03_F009,"And I'm like freaking out. I'm like what the hell's going on, you know. I don't know what's going on. And so he's like standing there and then all of a sudden they give him a microphone-",excited
Ses02M_impro03_M008,"Yes, yes. You know, she - she was like - I mean, she was happy, you know",excited
Ses05F_impro03_M033,"Oh, did she cry?",excited
Ses02F_impro07_F010,"You can walk somewhere and be anywhere in the country and be like, oh, yeah, I am at U.S.C.",excited
Ses04F_impro07_F035,What- what did you have in mind?,excited
Ses05M_script03_1_M021,"No, no that is quit laughable.  The cutting little mystery all done with mirrors.",excited
Ses05M_impro07_F042,"You're gonna be so busy, too. You're going to have to work so hard.",excited
Ses05F_impro07_F002,U.S.C..,excited
Ses03F_impro03_M006,"Yeah, The Lousy Chaperone. [LAUGHTER] Uh huh.",excited
Ses04M_impro07_F010,It's all about the connections,excited
Ses05F_script03_1_M024,Do you remember that awful scene we had in Venice?,excited
Ses03M_script03_1_M004,I don't care then.,excited
Ses05M_script03_1_M014,"All the futile mortals who try to make life unbearable.  Laugh at them, Be flippant.  Laugh at everything, all their sacred shibboleths.",excited
Ses05F_impro03_F009,Yeah.,excited
Ses05M_impro07_M011,"Finally.  I'm so excited.  We're gonna -- well, I'll be here.  We're still gonna be able to see each other.",excited
Ses04M_script02_1_M002,"Is that, is that - is that just foam?  I can't even tell.  Although, if you can't tell, it's probably isn't them.  It'll probably be unmistakable, don't you think?",excited
Ses05F_impro07_M008,That'll be awesome.,excited
Ses05M_impro03_M003,"Oh my god, it was just last weekend.",excited
Ses05M_script02_1_M031,"And it's single mindedness with no mind. It- It's urgency, it's pure urge.  I mean, they didn't make any decisions.  They don't ask any questions.  They don't give it a name,",excited
Ses01M_impro03_M022,I'll make her pay for that.  I hear she's like totally wealthy. She's like royalty- --or something like and- --whatever like removed or something but yeah.,excited
Ses03F_script02_1_M011,"Hey, do they always run during a full moon? I can't remember if it was full last year. Do you remember?",excited
Ses04F_impro07_F060,Yeah.,excited
Ses02M_impro07_F027,"Okay. Yes, totally come visit",excited
Ses02M_script02_1_M039,"Just all as one. This little time sensitive firecracker, instinctual firecracker in their body just went off and all as one they turned and formed a line as long the California coast and started swimming. They're swimming right now as if that's the only thing that matters.",excited
Ses04M_impro03_F016,Big and shiny.  You're such a guy. [LAUGHTER],excited
Ses03F_impro02_F005,oh.,excited
Ses03F_impro03_M002,"Oh, Jesus.",excited
Ses05F_impro07_F029,Better than if I'd picked up and moved to Boston.,excited
Ses05F_impro07_F030,[LAUGHTER] by yourself.,excited
Ses02F_impro07_M023,Oh man.,excited
Ses05M_impro07_F000,What?,excited
Ses05F_impro03_M037,"The exact right guy, I fully approve.  He's a wonderful guy.  We have a great time.  He can drink.  That's awesome.",excited
Ses05M_script03_1_M011,"Being that sacred and wonderful thing, love.",excited
Ses05F_impro03_M031,And now you're getting married.,excited
Ses02F_script02_1_M035,There is that--no that's just seaweed isn't it?,excited
Ses05F_script03_1_M014,Certainly you must.  We're figures of fun alright [LAUGHTER].,excited
Ses02M_script02_1_M013,"You cold, you want my jacket? We should've - we should've brought our blanket, our blanket, how could we forget to bring the blanket?",excited
Ses03F_impro07_M008,Which one?,excited
Ses05F_impro07_M034,"Tomorrow, tomorrow, tomorrow-",excited
Ses05F_script02_2_M018,"Okay, all right I got it.  You wanted it to be like the other time, okay no problem. Listen, You want to dance?",excited
Ses02F_impro07_M017,"Right.  Right.  Right. Oh, man, then you're going to have to do orientation, I guess.",excited
Ses02F_script02_1_M000,What time is it?  They're supposed to run around midnight.,excited
Ses03M_impro07_M010,Holy shit...,excited
Ses05F_script02_1_M009,"Are you cold?  You want my jacket?  We should have bought a blanket.  Our blanket-.  This is great, isn't it?",excited
Ses01M_impro03_M016,I know.  Also I get to like plan the wedding now too. That will be fun.,excited
Ses02F_impro07_F016,I don't mind worrying about all the paperwork.  You know--,excited
Ses04F_script02_1_M037,It's single mindedness with no mind.  Urgency that's pure urge.,excited
Ses01F_impro03_M022,Awesome.,excited
Ses01M_impro03_M012,I know. What do you think I should-,excited
Ses04F_impro07_F049,"Well no.  I mean I have some scholarships and some financial aid and stuff but I'll have to, you know, I'll get a job",excited
Ses04F_impro03_M014,Yeah.  I'll help plan.,excited
Ses02M_script03_1_M019,"No, no it isn't, death is very laughable, such a cunning little mystery, all done with mirrors.",excited
Ses03F_script03_1_F027,I know. Oh man. Couldn't believe it.,excited
Ses02M_impro07_F005,"Oh my Gosh, that's so cool.",excited
Ses05F_impro03_F043,I am very excited,excited
Ses03M_script01_3_M019,"Oh God.  Annie, I kissed Annie.  I kissed Annie.",excited
Ses04F_impro07_F041,"Eh, we can work that part out.",excited
Ses05M_script02_1_M006,"How could we have forgotten it? Well, I hope the moon stays out.  I wonder, do they always run during a full moon?  I can't remember, was the moon full last year, do you remember?",excited
Ses05F_impro03_M000,What?,excited
Ses02F_impro07_F008,"...hang out and, like, have our different lives--And meet each other's friends and stuff.  So, I'm just so glad 'cause they have such a good school",excited
Ses04F_impro07_F018,"Well, I haven't decided yet.  I want to try some things out.",excited
Ses05M_script03_1_F002,What do we do?,excited
Ses01M_impro03_M004,"No, no, no, no, no, no she just... she's not a citizen but she wants her visa, yeah. She's going to pay me fifty thousand dollars to marry her and stay married to her for two years.",excited
Ses01M_script02_1_M005,"Gosh, this is great, isn't it?  This is awesome.  Oh, no you know what I forgot?",excited
Ses01F_impro07_F016,"I know. I made such a mess of it, the entire time.  The last three things I've done, I've ruined everything, I think. Mm-hmm.  Yeah.",excited
Ses05F_impro07_F023,"[LAUGHTER] Oh, I'm going to be working too, I mean.",excited
Ses01M_script02_1_M046,"It's crazy.  Look at this, I'm giving myself goose bumps, the hairs are standing up on my arm.",excited
Ses03F_script02_1_M001,Look at the night we got; couldn't be better.,excited
Ses03M_script03_1_M006,"No, wrong number.",excited
Ses03F_impro07_M032,Yeah.,excited
Ses04F_impro07_F070,What have you heard about the Greek system?,excited
Ses05F_script03_1_M018,"Yes, yes, with all his might.",excited
Ses02M_impro07_M008,"Yeah. I know, I know.",excited
Ses04F_script02_2_M021,"That's it, right?  You want this to be like the other time, right.  That's it.",excited
Ses05F_script03_1_F030,And then the manager came in and found us rolling around on the floor biting and scratching like panthers.,excited
Ses05M_impro07_F001,"Oh, for real?",excited
Ses05F_impro07_F027,oh yeah.,excited
Ses05M_impro07_F011,"Uh huh.  Yes, seriously, for years.",excited
Ses01M_impro07_F024,I would put that right up there with--ping-pong.,excited
Ses04M_impro07_F004,"That's amazing.  I've seen it on TV. Um, Wow.  I mean, well what are you going to major in?  What are you going to do?",excited
Ses03F_script02_1_M013,"We should have brought the blanket. Oh, why didn't we bring the blanket? Our blanket.",excited
Ses05F_script02_1_M021,This is a big night for these guys.  Life's last orgy. Yeah,excited
Ses05M_script03_1_M025,Do you remember that awful scene we had in Venice?,excited
Ses04M_impro03_F015,It's so exciting.  What's the ring look like?,excited
Ses05F_script02_2_M019,You want me to go get some champagne?,excited
Ses05M_script03_1_M007,With the worst- with the most perfect poise?,excited
Ses01M_impro07_F011,"Yeah, that you probably. You should see one of these Victorian houses around by.",excited
Ses03M_script02_1_M016,I wonder if they can hear us talk?  Or feel the vibrations in the sand when we move around?,excited
Ses04F_impro07_F051,Yeah.  It will work out.  Maybe I could work at Red Lobster.,excited
Ses05F_impro07_M009,"I don't know.  Well.  I wouldn't mind living by the U.S.C. campus, you know, but I'm not going to go to school right now, so.",excited
Ses04M_impro07_F012,I know.  You're going to be so close.,excited
Ses04F_impro03_F001,It's really exciting.  Don't you want to guess?,excited
Ses05F_impro07_M006,Uh! stay over here.  Like travel to school. because you are so close to me,excited
Ses01M_script02_2_M002,"Look at this, my hairs are standing up my arm. I'm giving myself goose bumps.",excited
Ses01M_impro07_F022,Who do you play? Like do--are you like... nationally ranked?,excited
Ses02F_script03_1_F005,"Ah, it send shivers up my spine.",excited
Ses05M_impro03_F003,"Oh, what, how- where how did you do it?",excited
Ses03F_impro07_F009,"Yeah, I know, my mom called me. I was with my girlfriend in Boston, and uh- she got the letter and she called me, she said I don't know, do you want me to open it? And I was like yes, open it. And she opened it and she goes oh, I'm sorry, Nat.",excited
Ses04F_impro07_F028,I know.  We should have a party.,excited
Ses01F_script02_1_M035,"Look there, see?  What's that?  No, that's - that's just seaweed.",excited
Ses04M_script03_1_F024,I know you did.  You threw it out of the window into the Grand Canal.  I don't think I'll ever forgive you for that.,excited
Ses04F_script02_1_M036,They're swimming right now as if that's the only thing that matters.,excited
Ses01F_script03_1_F024,"Oh Charles, that was his name.  He did wiggle so beautifully.",excited
Ses02F_impro07_F009,"and like-- The football team--And like all the-...you- what I mean, like...",excited
Ses05F_impro07_M025,I know exactly how you feel about that. I think you feel really excited about it.  I know you are. I can tell. I know you.,excited
Ses03F_script02_1_M042,"where we stand for a massive celebration of sex and death. Oh, God, I'm giving myself goosebumps. Look, I'm all-all my hairs on my arms is sticking up.",excited
Ses04F_impro07_F063,Social life.  Hello.,excited
Ses05M_impro07_M002,Yes! I just found out today.  I just got the letter.,excited
Ses04F_impro07_F029,An I got accepted to U.S.C. party.,excited
Ses05F_impro03_F005,Just a couple days ago.,excited
Ses04F_impro03_F038,because you're going to take care of everything.  You're going to think of all the details that I forget.,excited
Ses03M_impro07_M004,Yeah.,excited
Ses04F_script03_1_F030,And very much sillier.,excited
Ses04F_impro07_F014,Well I was thinking maybe underwater basket weaving.,excited
Ses04F_script03_1_M007,With the most perfect poise.,excited
Ses01M_impro03_F003,Is she on the run?,excited
Ses02M_script02_1_M025,"Yea, but that moment on the beach is the highlight of their little lives. I mean all that flopping is laying eggs or what do you, mating or spotting or something like that.",excited
Ses03M_script02_1_M043,About what I just said?,excited
Ses02F_script03_1_M022,"Let's be superficial and pity the poor philosophers.  Let's blow our trumpets and squeakers and enjoy the party as much as we can.  Like quite idiotic, very small school children.  Let's savor the delight of the moment.",excited
Ses05F_impro07_M013,Uh! I'm so happy that you're not going to go away.,excited
Ses02M_script02_1_M023,"Honey, this is a natural phenomenon. I mean it only happens once a year.",excited
Ses04M_impro07_M004,it's a really good school.  So,excited
Ses05M_impro07_M043,"But I'm so looking forward to being so busy. You know what I mean?  It's the kind of busy you've got to love, right?",excited
Ses03M_script02_1_M001,Look at the night we got.  I wouldn't trade this for anything.,excited
Ses02F_impro07_M028,"You'll be like are you a fan or a student you know? Student. [LAUGHTER] Oh man, that's awesome.",excited
Ses03M_impro07_M008,No.  It's like it's harder than getting into Harvard.,excited
Ses05F_impro07_M017,That'll be great. That'll be great.,excited
Ses01M_impro03_F024,Incredible.,excited
Ses02F_impro07_M010,[LAUGHTER],excited
Ses02F_script03_1_F029,It was ridiculous.  Completely ridiculous.,excited
Ses04M_script03_1_F023,"Oh, Charles; that was his name, Charles.  Oh, he did wriggle so beautifully.",excited
Ses02M_impro07_M029,I mean you got to - you got to show me the ropes 'cause I've never been there before so I mean you know your way around already and- [LAUGHTER],excited
Ses04F_script02_1_M034,Out there someplace there's this huge mass of silver fish heading this way.  They don't know why.  We don't know why.  It wasn't a decision.  They didn't take a vote.,excited
Ses02M_impro03_F020,"Ooh, that would be fun.",excited
Ses05F_impro03_M046,I can't believe it.,excited
Ses04M_impro07_F022,"But, congrats on the U.S.C. thing.",excited
Ses03F_impro07_M014,Party. You want to get drunk tonight?,excited
Ses01M_impro07_M004,"I know. For softball, yeah.",excited
Ses01F_impro07_F005,I know. We should throw a party.,excited
Ses01F_impro07_M006,A rapper party ho. Yeah. Okay.,excited
Ses05M_impro07_M026,You know the area better than I do.,excited
Ses02M_impro07_F004,"[LAUGHTER] It's gotta be it, like-",excited
Ses05M_impro07_F012,I know.  I know.  I'm- I'm definitely -- I realize [LAUGHTER].,excited
Ses02M_script02_1_M016,You think they can hear us talk or feel the vibrations in the sand when we move around?,excited
Ses01F_script03_1_M005,I don't care then.,excited
Ses05M_impro07_M014,"Perfect!  Oh, my God.  Are you staying, are you going to live on campus?",excited
Ses03M_impro05a_M030,Now what are you going to do about it?,excited
Ses05F_impro03_M012,"Thanks a lot.  Well, okay, you've got to tell me the details.  What did he say?  Where was it?  What happened?",excited
Ses01M_impro03_F025,"you're a lucky, lucky, lucky man.",excited
Ses02F_impro03_F014,"It is good.  It's totally good.  I mean, it like oh, you know.",excited
Ses02F_script02_1_M036,"Oh man, this is great, isn't it?  I wouldn't miss this for anything.  Here, think about this, all right, I know you're not interested, but think about this.",excited
Ses04M_impro07_M021,find out all this stuff.  And- and I don't know.  I think I'm going to try to live in a dorm.,excited
Ses05F_impro07_M021,"You can't make fun of me because I'm not going to school, though, because I'm going to be working though.",excited
Ses03F_impro07_F011,"And my mom was like Natalie, Natalie, it's [GARBAGE], you know-",excited
Ses05M_impro07_F003,"oh,I'm so glad.",excited
Ses05F_script02_1_M030,"Oh, this is great.  I wouldn't miss this for the world.  I mean think about this. I know you are not interested but think about this for a second.",excited
Ses02M_impro03_F016,Did you bring her up on stage too?,excited
Ses04F_impro03_M043,I'm getting a little weak in the knees.,excited
Ses04M_impro03_F011,Are you going to get married like on the beach barefoot or like fancier?  Like in a church.,excited
Ses02F_script01_3_M010,"You feel it's wrong here, don't you?  This yard, this chair.  I want you to be ready for me.  I don't want to have to win you away from anything.",excited
Ses01M_impro07_F026,"No, no.  I love softball. I played softball all the time.",excited
Ses05M_impro07_M007,It's exactly what I wanted.,excited
Ses02M_impro03_F008,"Yea, I guess so. Oh, my Gosh. Was she surprised?",excited
Ses05F_script02_1_M032,It's just some little instinctual time-release firecracker that went off inside them and all this one they turn around and form a line as long as the California coast and just started swimming.,excited
Ses04F_impro07_F030,No.  An I got accepted to U.S.C. party. [LAUGHTER],excited
Ses04F_impro03_F050,You could make her that excited.  You really like her.  You guys have been together for a really long time now.,excited
Ses04F_impro07_M005,That's awesome.  Congratulations.,excited
Ses04F_impro07_F022,And it's so close so you can come visit me all the time.,excited
Ses02F_impro07_F020,"You know what I mean?  Like, it's like exactly what I want.",excited
Ses01F_impro07_M008,Yeah.  Big time.,excited
Ses02M_script02_1_M024,"Think about the people in Kansas, they- they'd have to get a plane ticket and hotel reservations to see this. We live forty minutes away it's too good to pass up.",excited
Ses02M_impro03_F005,That's like the most definitive.,excited
Ses05F_script03_1_M032,"Oh, we were very much younger then.",excited
Ses02M_impro08_F001,"Okay. Before I get into it, um your menu or whatever like where you choose the different thing depending on the-",excited
Ses05M_script02_2_M000,"Well, so, what do you think?",excited
Ses04M_script03_1_F028,"The manager came in and found is rolling about on the floor, biting and scratching like panthers.  Oh, dear.",excited
Ses05F_script03_1_M013,"All the futile mortals who try to make life unbearable.  Laugh at them.  Be flippant.  Laugh at everything, all their sacred shibboleths.  Flippancy brings out the acid in their damned sweetness and light.",excited
Ses01M_impro03_F009,That's unbelievable... Yeah.,excited
Ses04M_script02_1_M029,Out there someplace is this huge mass of silver fish heading this way.  They don't know why.  We don't know why.  It wasn't a decision.  They didn't take a vote.  No one sent them an invitation or a map;,excited
Ses01M_impro03_F023,[GARBAGE] She's got to be loaded.  fifty thousand dollars.  That's incredible.,excited
Ses05M_script01_3_M041,"Oh, Annie,",excited
Ses03F_impro07_F008,"Yes, me, I got in. Thank you very much.",excited
Ses04F_impro07_F074,"Oh, oh, I'm sorry, my bad.  I'll have to, like, sign up for summer lessons from you before I go.  You can teach me how to be cool before I go to college.",excited
Ses04F_impro03_M036,Well this is really exciting.  I mean- I just- I couldn't be happier right now.,excited
Ses01M_impro03_M008,"Yeah.  Can you believe that? Yeah, she's like hey, I'm like sure I'll do it, I don't care. Yeah. I'm like fifty thousand dollars, I'd totally do it for fifty thousand dollars. But the only thing is that's kind of like illegal. So like I could go to jail probably for a long if I get caught, but...",excited
Ses02M_impro07_F012,Yay.,excited
Ses05M_script03_1_M033,We were very much younger then.,excited
Ses04F_impro07_F012,And a taser.  Excellent.  Just make sure it's a big knife.,excited
Ses04F_impro07_F016,They have - U.S.C. has everything because U.S.C. is the best school ever.,excited
Ses03M_script02_1_M026,Yeah they do.,excited
Ses01M_impro03_F014,"Dude, you lucked out.",excited
Ses05F_impro03_M011,"Thirty nine, yeah.  I can't believe it.  So you broke our pact. Thanks a lot.",excited
Ses02M_impro03_F011,"Oh, You did not.",excited
Ses04F_impro03_F006,You think. [LAUGHTER],excited
Ses01M_impro07_F003,Pinch hitting softball.,excited
Ses05M_script02_1_M033,"Well, so what do you think?",excited
Ses05M_impro03_M002,"Yes, I did it.",excited
Ses04M_script03_1_F026,"It burnt my comb, too, and all the towels in the bathroom.",excited
Ses01M_impro07_F009,"That is amazing, congratulations. Good for you.",excited
Ses03M_script02_1_M000,"Hey, what time is it?  This pokes around midnight right?  God this is great isn't it?",excited
Ses05M_impro07_M003,I know. I know.  I'm so excited.,excited
Ses02M_script03_1_F002,What are we going to do?,excited
Ses03M_impro03_F023,"Wait, wait, wait I want you to marry me?  No, shouldn't you like be more like a question like, would you marry me?  Not like I want you to marry me.  It's like a demand.",excited
Ses03F_impro07_F029,Yeah. Those little-- --mattresses. I'll put it by my bed.,excited
Ses02M_impro07_F023,"Fair for you, Wow, oh my Gosh.",excited
Ses02F_script02_1_M014,"This is great, isn't it?  A six pack would be just the ticket right now.",excited
Ses05F_script02_1_M014,Right.,excited
Ses04M_impro03_F007,"Yeah, it is.",excited
Ses04F_impro07_M041,"Wait, you've been there before?",excited
Ses03M_script02_1_M027,"Okay.  But it's fish that do something that no other fish do.  Like the swallows in Capistrano or the Lemmings that throw themselves off the cliffs, there's magic here and some mystery and a little bit of unexplainable.",excited
Ses01M_impro03_M013,Oh good idea.,excited
Ses05M_script02_1_M007,"Are you cold?  Do you want my jacket?  We should have brought the blanket, our blanket.  Oh, this is great.  I didn't even think to bring a six pack.  Oh, a six pack would be just the ticket right about now.",excited
Ses02F_impro07_M002,"Oh, no way.",excited
Ses03F_script02_1_M036,"I wouldn't miss this for anything. I mean, think about this. Okay, I know you're not interested, but just think about this for a minute.",excited
Ses04M_script03_1_F012,Who's they?,excited
Ses03F_script03_1_M020,"Let's blow strumpets, blow-blow trumpets and squeakers and party as much as we can like small quite idiotic school children. Let's savor the delight of the moment. Come, kiss me darling, before worms pop in and out of your eye sockets.",excited
Ses02M_script02_1_M041,"they just turn as one and start the swim and brings them right here to this spot where we stand, for a massive celebration of sex and death.",excited
Ses05M_script03_1_M020,"Yes, yes, with all his might.",excited
Ses05M_impro07_F015,Yeah.  Totally- Well where are you going to live?,excited
Ses01F_impro07_M007,"I am just- Yeah.  I'm sticking around, I'm just doing my thing.  I'm living here.  I'm so glad you're going to stay, I'm so glad you're going to be here. Yeah. Woo.",excited
Ses05F_impro03_M013,"Okay.  That's okay, spontaneous is great.  Spontaneous is awesome.",excited
Ses03M_impro07_M007,Yeah.,excited
Ses01F_impro07_M014,"Teacher. Mrs. Nash, I have a question.",excited
Ses04M_impro03_F009,"Oh, my God, where -- have you guys talked about where you're going to get married or--",excited
Ses01F_impro07_M017,Yay...School's fun.,excited
Ses02F_script03_1_M019,Yes.  Yes. With all his might.,excited
Ses05F_script03_1_M019,"No, no it isn't.  Death is very laughable.  Come such a cunning little mystery all done with mirrors.",excited
Ses04F_script02_1_M009,I hope the moon stays out.  I wonder do they always run during a full moon.  I can't remember if it was full last year.  Remember?,excited
Ses03F_impro07_M028,"No, I'll sleep in your bed. Cuddle up.",excited
Ses02M_script02_1_M005,"Although, I guess you can't tell it probably isn't them. Probably be unmistakable don't you think?",excited
Ses03M_script02_1_M005,"Oh, you know what I forgot?  I forgot my flashlight.  How could I be so stupid?  I should've brought my flashlight.",excited
Ses04F_impro07_M042,"Oh, so well then you know that it's awesome.",excited
Ses01M_script03_1_F007,[BREATHING],excited
Ses05F_impro07_M018,"We should try to find, like, a party spot though, like you know where there's going to be a lot of parties, where there are cool people, though.  Do you know any people that might be out there?",excited
Ses05M_script03_1_M012,"Um What does it all mean?  That's what I ask myself in my endless quest for ultimate truth.  Dear God, what does it all mean?",excited
Ses01F_script02_1_M002,"Okay.  Is that, is that--",excited
Ses05F_impro07_F012,"Thank you. I know, I'm really, really, really excited.",excited
Ses01M_impro03_M010,It's like I'm really going to get married. We'll have like the whole thing.,excited
Ses05F_impro07_F038,Woo-,excited
Ses04F_script03_1_F009,It's true the whole business is very poor joke.,excited
Ses05F_script03_1_M011,"What does it all mean?  That's what I asked myself in my ceaseless quest for ultimate truth.  Dear God, what does it all mean?",excited
Ses04F_impro07_F066,"No.  But I'm thinking I might, you know, like audition for a play or something.  I don't really want to do the sorority thing.  I'm not really feeling that vibe with the",excited
Ses04M_script03_1_F021,"Thank you, dear.  The same applies to you, except that if I catch you so much as looking at another woman, I will kill you.",excited
Ses05F_script03_1_M022,"Darling, come here and kiss me before your body rots and worms pop in and out of your eye sockets.",excited
Ses04F_impro07_M006,That's amazing.  Wow.,excited
Ses02M_script02_1_M001,"God, this great, isn't it? Like look at the night we go here, it couldn't be better.",excited
Ses01F_impro07_F010,Umm...P.h.D. [LAUGHTER],excited
Ses03F_script02_1_M002,"You know actually, I wanted to go a little further up the coast to get away from all the, the people and the lights, and uh- but I thought we'd miss it. Hey, how you doing?",excited
Ses03M_impro07_M023,Some miso soup.  You can get whatever.  You can get a vat full of miso soup.  God.,excited
Ses05F_script02_1_M029,"Look there, what's that?  Is it?  Is that a--Ah, it's a seaweed isn't it?",excited
Ses04F_impro07_F065,[LAUGHTER].,excited
Ses04F_impro07_F013,I don't want any of those little puny ones.,excited
Ses04M_impro07_M001,I'm going to U.S.C.. Yeah.,excited
Ses04M_script03_2_F006,Not at all.  It was very pretty.  I still have it and I wear it often.,excited
Ses02F_impro03_F000,"Oh my God.  Guess what, guess what, guess what, guess what, guess what, guess what?",excited
Ses02M_impro03_F015,Right exactly because you can't say no in front of thousands of people. [LAUGHTER],excited
Ses04M_script03_1_F027,That was the first time you ever hit me.,excited
Ses04F_impro03_F040,Ha ha ha.,excited
Ses01M_impro07_F005,That's amazing. They pay for everything?,excited
Ses04F_impro03_F014,"Okey Well- well-, you know what?  I was hoping that you would help",excited
Ses04M_impro07_F007,Yes.,excited
Ses05F_impro07_F005,I'll stay in town.,excited
Ses05M_script03_1_M004,I don't care then.,excited
Ses05F_script03_1_M031,[LAUGHTER] I shall never forget his face.,excited
Ses02F_script02_1_M039,"all as one, this time release instinctual little firecracker went off and they all turned and formed a line as long as the California coast and started swimming.  And they're swimming right now as if that's all that matters.",excited
Ses04F_impro03_F005,Thank you. [LAUGHTER],excited
Ses05M_impro03_M021,It will be perfect.,excited
Ses04F_impro03_M003,Holy shit that's amazing.,excited
Ses04F_script02_1_M040,"Ah, I'm giving myself goose bumps.  All my hairs are popping up.",excited
Ses03M_impro03_F010,[LAUGHTER] So nasty. No you... dirty me?,excited
Ses04F_impro07_M036,"Well I mean I don't know.  It's like you know I kind of had a crush on you throughout high school and, like",excited
Ses03M_impro07_F016,Man I'm just so happy for you.  I just--,excited
Ses05M_impro03_M001,"I did it, I asked her to marry me.",excited
Ses04F_script02_2_M046,Well look at what we got here.,excited
Ses01M_impro07_F013,"Oh, you don't like that. You're west-sider?",excited
Ses05M_script02_1_M000,"What time is it?  They're supposed to run around midnight.  Oh, this is great, isn't it?  Look at the night we've got here.  It couldn't be better.  Actually, I wanted to go a little further up the coast you know to get away from all the lights and the people.  I was afraid we might miss it though, so how are you doing?",excited
Ses03M_script02_1_M004,"But if I can't tell, it probably isn't them isn't it?  Probably would be unmistakable wouldn't you think?  How are you doing?",excited
Ses05M_script03_1_M016,Certainly you must.  We are figures of fun all right.,excited
Ses02M_impro03_M016,"No, yes -- so",excited
Ses05F_impro07_M011,But I'd love to go all the US- all the U.S.C. parties and do all that crazy stuff with you.,excited
Ses02F_impro07_F002,"Yeah, I'm so excited.  So I'm gonna say--",excited
Ses05M_impro07_F044,All right.  Wow.  So exciting.,excited
Ses02F_impro03_F024,"Oh, you will--You'll find just the right girl.  And she'll be perfect for you and everything will be great.",excited
Ses02M_script02_1_M029,"you know there is like, there is a certain mystery here, a magic, a bit of the unexplainable. I don't see how you cannot be interested.",excited
Ses02M_impro07_M017,"You know what I mean, I bet the home games, are just like nuts you know.",excited
Ses04F_impro07_M034,"Well, that's really cool that you're going to be staying in the same city and everything. so umm",excited
Ses04F_script02_1_M038,They don't know what drives them.  They don't give it a name or ask question.  They just turn as one and start the swim that brings them here to this place,excited
Ses04M_script02_1_M021,"Oh, it's a big night for these guys.  Uh, life's last orgy.",excited
Ses03F_impro07_F022,"I'm so excited. Yeah, I thought I was going to go to Boston, but then--",excited
Ses02F_impro07_F011,"And you know what, you know what I mean, like it's recognizable rather than just being like I went some random school. It's like people really know what you...",excited
Ses04M_impro03_F017,I'm so excited for you. That's great. I'm so-,excited
Ses04F_impro07_F033,I know.,excited
Ses04M_impro07_M002,"Yeah, yeah.",excited
Ses02M_script03_1_M020,So is everyone else in the long run.,excited
Ses02M_impro07_M020,Yeah. Right. A cult. I'm looking forward to being in the cult.,excited
Ses05M_script02_1_M028,"Look there.  What is that?  Is that -- Oh No, that's seaweed.",excited
Ses01M_impro03_F010,Well I've known people who have done this before. Yeah.  You just- it's really fun actually 'cause you have like a fake engagement party and all your friends come over and like...,excited
Ses02F_impro07_M029,A U.S.C. graduate now. You're set.,excited
Ses04F_impro07_F024,"So this works out perfectly.  Because I was worried if I didn't get in to U.S.C., then I would have to go somewhere far away and then-",excited
Ses02F_impro07_F017,"Because, I don't have to like make that decision anymore.  I don't have to try and decide, like, what the bad school I'm going to go to is. you know",excited
Ses04M_script03_1_M007,With the mo- with the most perfect poise?,excited
Ses04M_impro07_F006,Right.,excited
Ses01M_impro03_F013,Yeah.,excited
Ses03M_impro03_M035,I'm so excited.  It's going to be great.,excited
Ses05M_script03_1_F004,It was bound to happen sooner or later.,excited
Ses03F_script03_1_M027,"That was a rouser, wasn't it?",excited
Ses01F_impro07_F002,"I'm really excited.  Yeah. I don't know how I'm going to pay for anything, but... I also- Yeah.  Loans, too, yeah. I applied, though, for a bunch of grants and scholarships so I'm still waiting to hear on that.",excited
Ses02F_impro07_M005,"...that's first choice, huh? That's so awesome and now look you're gonna be--you're gonna be here. you know",excited
Ses05F_script02_1_M003,"Oh no, you know what I did.  I forgot my flashlight.  How could I be so stupid?  I can't believe I forgot my flashlight.",excited
Ses04F_impro03_M005,"I'm invited, right.",excited
Ses05F_impro07_F003,yeah.,excited
Ses01F_impro07_M001,Yeah. That is so awesome.,excited
Ses02F_script02_1_M024,"Think about the people in Kansas, they had to get plane tickets and hotel reservations to see this.  We live forty minutes away.  It's too good to pass up.",excited
Ses04M_impro03_M011,Okay. Well there you go.,excited
Ses01M_impro03_F008,You were at a party? And she's like hey. You seem unattached she's like.,excited
Ses01M_script02_1_M045,It's like urgency that's pure urge you know.  It's single-mindedness with no mind.,excited
Ses04F_script03_1_F022,Which particular one?,excited
Ses02M_script01_3_M015,"Ann, why didn't you let me know?",excited
Ses03M_impro03_F005,Oh like that one movie.  What's that one movie I just saw? No.  Where she like swallows the...,excited
Ses02M_impro03_M001,"Well, I finally did it",excited
Ses02M_impro07_M014,"Hey, yes, you know that's - that's what I'm coming for.",excited
Ses05F_impro07_M027,"Uh huh, it will be awesome.",excited
Ses04F_impro07_F042,Alright.,excited
Ses02F_script02_2_M000,"Well, so what do you think?",excited
Ses05M_impro07_M047,Great.  Okay.,excited
Ses02F_impro03_M024,"Well--can--I mean, let me know--I want- I want invitations and--",excited
Ses04F_impro07_M040,Vermont.,excited
Ses05F_impro07_F037,yeah.,excited
Ses04M_script03_1_F005,"Oh, it sent shivers up my spine.",excited
Ses03M_script03_1_F006,Behave exquisitely.,excited
Ses02M_impro07_F006,big packet is gotta be the real thing. yeah,excited
Ses05F_impro07_F032,"living near campus, and not going to school.",excited
Ses04M_impro07_M000,"Alright, so you're not going to believe this.  But I went home today. I looked through the mail.  And I got an acceptance letter from U.S.C..",excited
Ses02F_impro07_F031,"Well, that'll take a while. [GARBAGE]",excited
Ses02M_impro03_M020,"I know it was, I don't know I was really nervous but I'm really - I'm really glad.",excited
Ses05M_impro07_F009,"Yeah, that's awesome.",excited
Ses04F_impro03_M040,Wow.  I just- I- I- I feel like I'm going to faint.,excited
Ses05F_script02_1_M034,"Well, So what do you think?",excited
Ses05F_impro07_F039,exciting.,excited
Ses03M_script03_1_F004,"I mean, it was, it's bound to come out sooner or later.",excited
Ses04M_script02_1_M001,"Actually, I wanted to go a little farther up the coast, get away from the lights and the people, but I was afraid we'd miss it.  How you doing?",excited
Ses02F_impro03_F013,"I was just--it was so like I thought this might happen eventually, but like not yet, you know what I mean?  Like--",excited
Ses04F_impro03_F007,"Well actually we were just talking about today and I don't really want to do like the traditional church thing, you know.  So we are going to get married in the meadow.",excited
Ses01M_impro03_M005,That's like twenty five thousand dollar a year for doing nothing. Isn't that awesome?,excited
Ses05M_script02_1_M023,"All right.  But they are fish that do something no other fish do.  Like the swallows were turning into Capistrano or Lemmings jumping off the cliffs, you know like that. There's- There's magic here and mystery.  And a little bit of the unexplainable.  You know, I can't see how you could not be interested.",excited
Ses03F_impro07_F016,"[LAUGHTER]. I'm so excited, Joe. Oh, man, I-- And I got in--I got into the school of theatre, so it's like-",excited
Ses05F_script03_1_M026,"Horrible thing, I hate it.",excited
Ses01M_script02_1_M004,"Oh, no I can't tell though.  Although probably if you can't tell it probably isn't them right, yeah.  Probably going to be like unmistakable, right?",excited
Ses05F_script03_1_M027,How long did that row last?,excited
Ses04F_impro07_M001,What?,excited
Ses02M_impro03_F028,"Yay, well congratulations, that's so cool. [BREATHING] I can't wait.",excited
Ses05M_script03_1_F024,I know you did.  You threw it out the window into the Canal below.  I don't think I'll ever forgive you for that.,excited
Ses01F_impro07_F000,"Yes.  There's a big envelope it says, you're in. I know.",excited
Ses02F_impro07_F013,Like it has some prestige. so,excited
Ses01M_script02_1_M040,"Out there, there's like this big mass of silver fish they're heading this way...",excited
Ses03M_impro07_F006,You're going to be here and I'm going to be in LA so we can be together now.  I mean we can be in the same city.,excited
Ses05F_impro03_M027,"Cool, perfect.  Another Chicagoite, got to love it.",excited
Ses04F_impro07_F017,Okay.  Well I'm lying but-,excited
Ses05M_script02_1_M005,"Oh, no, of course, our flashlight.  Me flashlight is to you flashlight, naturally.",excited
Ses04M_impro03_M019,It's big and shiny.  I don't know.  It's silver and--,excited
Ses05M_impro03_F014,Yeah. of course.,excited
Ses04F_impro03_M004,Congratulations.,excited
Ses03F_impro03_F017,"It was--I cried,",excited
Ses05F_script01_3_M016,Oh God- I kissed Annie! I can't believe I kissed Annie!  How long I've wanted to do this.,excited
Ses02M_impro03_M009,"I - I think it was about time, I don't know, maybe. You know what, it's been it's been long enough now.",excited
Ses01M_impro03_F026,"Oh, totally. Yeah.",excited
Ses01F_impro07_M004,"Oh.  Good, good.  That's awesome. Are you going to stay around here?  Or are you going to like get a different neighborhood- you going to move to a different neighborhood?",excited
Ses03F_impro07_M026,"Hell, yeah. Pass out.",excited
Ses05F_impro07_F004,No.,excited
Ses05F_impro07_F011,"Whoa, this is going to be so much fun.",excited
Ses03M_script02_1_M035,"You know, this is great isn't it?  You know, I wouldn't trade this for anything.",excited
Ses04M_impro03_F012,Well I don't know.  Throwing it out there.,excited
Ses05F_impro07_M004,"oh, good good good good good good.",excited
Ses05F_impro07_F017,okay.,excited
Ses05F_impro07_M036,"Oh God, it's awesome... There's going to be tons of places. [garbage]",excited
Ses02M_impro07_F009,"Yeah, totally.",excited
Ses03F_impro06_F014,"Kind of a whole year. I mean, he suffered with this, this monster, this thing, this disease.",sad
Ses05F_impro02_M029,I understand.  I'm worried about you.  I don't know what's going to happen to you.,sad
Ses03F_impro02_M018,I don't know if I can handle you going another year.,sad
Ses05F_impro02_F004,"I got a call today,",sad
Ses05M_impro06_M010,"you know, sometimes you think you want to make that phone call, or you think you want to tell somebody something, or something like that.  Do you know what I mean?  Like that's -- he was the person that I did that with.  You know, like, that's the person who I needed to call to tell things to all the time.",sad
Ses03M_impro06_M007,Yeah.,sad
Ses05M_impro02_M022,"but, it's gonna be fine.  I'm gonna be fine.  You know I'm good at this.  I can do this.  That's why I trained all this time.  I'm good at this.  Okay?",sad
Ses02M_script01_3_F027,"I mean, and your money, there's- there's nothing wrong with your money.  I mean, your father put hundreds of planes in the air.  A man should be paid for that.",sad
Ses02M_impro06_M017,"just makes it that much harder to deal 'cause as much as you want to, you know, make her better, see her not in any pain, it's like, just I don't know, just has a mind of its own.",sad
Ses02M_impro06_F008,"Yes. Well, at least you have a lot of good memories.",sad
Ses04F_script01_3_M029,Just about all.,sad
Ses03M_impro02_F024,A whole year? --We're not talking about like a couple months here.  I mean this is a whole year.,sad
Ses02M_script02_2_F019,"Just dancing barefoot in the sand, drinking champagne out of the bottle.",sad
Ses03F_impro06_M010,Some people.,sad
Ses05F_script01_1_M008,Being dishonest with him.  It's the kind of thing that pays off and now it's paying off.,sad
Ses02M_impro06_F011,Yeah.,sad
Ses05M_script01_3_M036,"I felt what you said, ashamed somehow because nobody had changed at all.",sad
Ses03M_impro06_M000,I ah--,sad
Ses03M_script01_3_M031,"For instance, one time this...it had been raining several days and this one kid, he came up to me, he gave me his last pair of dry socks, put them in my pocket.",sad
Ses03M_impro06_F004,You guys were real close huh?,sad
Ses05M_impro06_M020,Thanks.,sad
Ses02F_script02_2_F020,I'd rather not remember some things.  I would rather not hope for some things.,sad
Ses05F_impro06_M014,Of course not.  You have no idea what it's like to lose a kid.,sad
Ses02M_script02_2_F038,"You're the one who probably wishes he was with someone else, someone who knew how to enjoy herself and didn't take everything so hard.",sad
Ses03F_script02_2_F018,You brought a bottle of champagne.,sad
Ses05M_script01_3_F016,"Like Larry's brother.  Do it like you, Chris.  What's the matter?",sad
Ses02M_impro06_M020,to talk to somebody but,sad
Ses01M_script02_2_F033,This isn't anything like I thought anything would be.,sad
Ses03F_impro02_F019,But it- it is for a year.,sad
Ses03F_impro02_F031,"and if we survive, if we survive that then babe, you know you know we could survive any--",sad
Ses05M_impro06_F006,You guys have been-,sad
Ses05M_script02_2_F030,I didn't say that.,sad
Ses05F_impro04_F019,I'm just worried.,sad
Ses05F_script01_1_F008,What's the meaning of that?,sad
Ses02M_impro02_F007,It's going to be really rough.,sad
Ses03M_impro02_F013,Do this whole thing by myself?,sad
Ses01M_script01_3_F003,"Not sorry, no.  I can't stay here.",sad
Ses02M_script01_3_M026,Just about all.,sad
Ses05F_script02_2_F026,"Sure, this is standing.  This is waiting.  This is fighting.",sad
Ses05F_script01_3_M036,And I felt what you said- ashamed somehow-because nobody had changed at all.  It seemed to make suckers out of a whole lot of guys. and,sad
Ses03M_impro06_M020,and then something like this happens you know?,sad
Ses03F_script02_1_F010,Not particularly.,sad
Ses01M_script02_2_F034,This is just this.  I mean it includes a lot and everything but it's--do you understand what I'm saying?,sad
Ses05M_script02_2_F013,Do you remember the first time that we came to see the grunion?  It was about four years ago right after we got married.  We thought I was pregnant.  We had a bottle of champagne and no glasses.  You asked me to dance.  We took off our shoes.  And while we were dancing you said the most intimate things to me right in my ear so I could feel them as much as hear them.,sad
Ses05M_impro06_F004,What did he do?,sad
Ses03M_impro06_M006,He was supposed to be the best man at my wedding.,sad
Ses04F_impro06_M001,"When I was seven, my- my grandmother died and I really- I don't know, I mean it was really hard to let go but the important thing is- is that you do let go and your realize that, you know, they- you know, they- this person had fun while they were- while they were here and, uh, you know, you work- you work through it.",sad
Ses02F_impro06_F001,"We knew that it was coming, but--",sad
Ses01M_impro02_M010,...we're all shipping out.,sad
Ses01F_impro02_M011,Yeah.,sad
Ses04M_impro06_M018,I just wish there was some way to just bring him back to life magically.,sad
Ses02M_script02_2_F017,And when we were dancing you said the softest most intimate things to me right into my ears so I could feel them as much as hear them,sad
Ses03F_impro02_M024,It doesn't look very good.,sad
Ses03M_impro02_F026,And this isn't the first time you know?  I mean you always...sending you off to different places and...,sad
Ses03F_impro02_F015,"Yeah, and uh--",sad
Ses02F_script01_3_F026,You still feel that way?,sad
Ses05F_impro02_F011,Iraq.,sad
Ses01M_impro02_F010,What about the birthday party?,sad
Ses02M_script03_1_M009,Oh darling don't say that.,sad
Ses03M_impro02_F027,I don't know if that's how I want to live my life.,sad
Ses02F_script02_2_M038,"No, I know.  But still.  I know I don't make you happy.",sad
Ses02M_script01_1_F041,"Yea, I can see that.",sad
Ses01M_script01_1_F031,"He thinks he's coming back, Chris.  You marry that girl you're pronouncing him dead.",sad
Ses03F_script01_3_M041,"Otherwise, what you have here is loot; and there's blood on it.",sad
Ses01F_script01_3_M024,I don't even know how to start.,sad
Ses05F_impro06_F010,"Uh,  We grew up together.",sad
Ses01M_script02_2_F046,"Augie, I'm sorry.",sad
Ses05F_impro06_F016,I can't imagine what his- what his parents are going through.,sad
Ses05F_impro04_F023,I feel like I have faith and now faith is running thin because there is no money.,sad
Ses02M_impro06_F002,"It doesn't make any easier, yes.",sad
Ses02M_impro02_M002,and,sad
Ses03M_impro06_M021,I mean I haven't even talked to him on the phone for the past three months.,sad
Ses05F_impro02_F027,I know.,sad
Ses04M_script02_2_M037,"No, I know.  But still.  I know I don't make you happy.",sad
Ses03M_impro06_F000,How's it going?  How are you feeling?,sad
Ses05F_impro04_F016,"Where am I supposed to go?  I mean, like what?",sad
Ses03F_script01_3_M028,I don't know where to start.,sad
Ses04F_script01_3_M027,You remember overseas I was in command of a company?,sad
Ses01F_impro02_M013,I just don't know how I'm going to do it without you.,sad
Ses01F_impro06_F014,At the cemetery?,sad
Ses02F_impro06_F012,I won't be able to hear his voice or his--,sad
Ses03M_script02_2_F037,I didn't say that.,sad
Ses05F_impro06_F013,"It must be really, really hard to lose a child.",sad
Ses05F_script01_3_F023,Oh gee.,sad
Ses03M_impro02_F033,I need you here.  Anna needs you.,sad
Ses01F_impro06_F015,couple hours.,sad
Ses02F_script01_3_M020,No.  Nothing like that.,sad
Ses03F_impro02_F012,yeah,sad
Ses05M_impro06_F010,If there's anything I can do to be there for you.,sad
Ses05M_script01_3_F025,"Because you can't feel like that anymore, Chris.  Because everything you have, you have a right to, me included.",sad
Ses05M_script01_3_M029,I know it's it's just a little thing but that's just the kind of guys I had.  They didn't die.  They killed themselves for each other.,sad
Ses05M_script01_1b_F028,"Now, what's going to happen to your father, do you know?  I don't.",sad
Ses01F_impro02_F017,"We've got friends, that's why we moved here, huh?  Because there is a day care down the street.",sad
Ses05M_script01_1b_F000,What's he going to say?  Maybe we ought to tell him before he sees it.,sad
Ses01F_impro06_M000,"I'm sorry, Joy.",sad
Ses03M_impro06_M002,Yeah.,sad
Ses04M_impro06_M013,"there should just be some sort of rule that people don't die until they're older, 'cause then, at least, it's expected.",sad
Ses01M_script02_2_M042,I'm doing the best I can.,sad
Ses04F_impro06_F004,"Yeah, I know. But I'd rather have him here with me, you know. It's just not fair.  I mean he- he didn't get to do like anything. I mean he was-",sad
Ses05M_script01_3_M039,And I guess that included you.,sad
Ses03M_impro06_M003,It just feels like I was talking to him yesterday.,sad
Ses05F_impro02_M041,I love you.,sad
Ses02M_impro02_F008,I'll send you lots of pictures.,sad
Ses01M_impro02_M001,I have to go back.,sad
Ses01F_impro06_F002,No.,sad
Ses03M_script02_2_M036,Maybe if you were with someone else too.,sad
Ses04F_impro02_F009,And now- and now it's really shitty timing but now I have to go.,sad
Ses01M_impro02_F015,It's not the same though.,sad
Ses05M_impro06_M006,"He was a designer, you know.  But he did everything. You know, He painted and he- and he did costume design, he did set design, he did lighting, he was --",sad
Ses01F_impro02_M010,What am I going to do? Huh?,sad
Ses01M_script01_3_M024,It's kind of all mixed up with all these other things.,sad
Ses03M_impro04_M030,Maybe I'll just kill myself.,sad
Ses04F_script01_3_M032,I put them in my pocket. that's only a little thing but these are the kind of guys I had.,sad
Ses04F_impro06_F006,It just doesn't seem fair.,sad
Ses02F_script02_2_F018,"And I remember thinking, this is it.  You know, at last--at last I am as happy as I am supposed to be.",sad
Ses04F_impro06_F007,Thank you for being here.,sad
Ses04F_impro02_M012,I mean we can't-we're not a complete family without you here.,sad
Ses03M_script01_1_M000,He saw it.,sad
Ses05M_impro06_M009,"I mean, one second you think, you know, you're just having a conversation and then --",sad
Ses03M_script01_3_M042,And I didn't want to take any of it and I guess that included you.,sad
Ses01M_script01_3_M027,Pretty much all.,sad
Ses03M_script01_3_F004,No.  I'm not sorry.  But I'm not going to stay.,sad
Ses03F_script01_3_M034,"I mean, that's-that's only a little thing, but that's the kind of guys I had. They didn't just die. They killed themselves for each other. And I mean that exactly. A little more selfish and they'd still be here today.",sad
Ses05M_impro02_M021,I just want to be honest with you.  I don't want you to .,sad
Ses01F_impro06_F012,"I don't know.  It just, like, I felt so bad because I shouldn't have done it.  I don't know.  Whatever.",sad
Ses05M_script02_2_F014,"And I remember thinking to myself, finally.  I am as happy as I am supposed to be.",sad
Ses04M_impro06_M010,"Yeah, I don't know.  Sometimes I wish I didn't know him.  So I wouldn't--",sad
Ses01M_script02_2_F024,I'd rather not remember some things.  I'd rather not hope for some things.,sad
Ses05F_impro06_F026,It's hard to say good-bye.,sad
Ses05M_impro06_M007,"he just did everything.  He was literally, literally the most talented guy I have ever met in my entire life.",sad
Ses03F_script02_2_F017,We thought I was pregnant.,sad
Ses02M_script02_2_M035,"No, I know. Me neither.",sad
Ses01F_impro02_F002,I don't know.  I put in that. request too. They didn't...,sad
Ses01M_script01_1_F006,[BREATHING],sad
Ses03F_script01_3_M042,And I didn't want to take any of it.,sad
Ses03F_script01_3_F030,How many?,sad
Ses05M_script02_2_F016,I would rather not remember some things.  I'd rather not hope for something.,sad
Ses03M_script02_2_F036,I can't help thinking about being somewhere else.,sad
Ses01M_impro06_M003,[BREATHING] Umm.,sad
Ses05F_script01_3_M027,Takes a little time to toss something like that off you know because they weren't just men-,sad
Ses02M_impro02_F001,"I'm going to miss you too; I don't know what I'm going to do here without you. It's going to be so lonely, and so hard.",sad
Ses05M_script01_1_F001,When?  I was the first one up.  He was still in bed.  How could he have seen it?,sad
Ses02F_impro06_F014,Thanks.,sad
Ses03M_impro02_F025,What could happen in a year?,sad
Ses01M_script02_2_M041,I know me neither.,sad
Ses05M_impro04_M041,I'll need it.,sad
Ses03M_impro06_F016,"Well now you can follow his footsteps, you know?  Carry out what he wanted to do.",sad
Ses05F_script02_2_M031,"No, I know me either.",sad
Ses02M_script02_2_F031,"Well, but this isn't anything like I thought anything would be like.",sad
Ses02M_impro06_M016,"I just -- I just don't get it, like there is just nothing you can do about it you know, it's like just out of your control and it",sad
Ses02F_script01_3_M021,"Yeah, I suppose I have been.  But it's going from me.",sad
Ses03F_impro02_F008,And Uh- Yeah. Uh- They're going to need um- more nurses on call for uh- to go overseas to help out with the war.,sad
Ses03M_impro02_M026,maybe get some vacation-- --once it quiets down there.,sad
Ses03F_impro02_F039,"It's hard enough already, Brian, I can't.",sad
Ses05M_script02_2_F029,But I just couldn't help thinking about being somewhere else.,sad
Ses01M_script01_3_M037,Driving my new car and I felt guilty you know opening my bank book seeing a new refrigerator.,sad
Ses05F_impro02_M036,"All the time, every day, every day.  They have e-mail over there and stuff like that, right? I can send you pictures.",sad
Ses03F_impro06_M005,And he just got that baseball scholarship.,sad
Ses03M_impro04_M031,I was just joking...,sad
Ses02M_impro06_F003,"Oh, man. I'm so sorry.",sad
Ses05M_impro06_F005,Yeah.  I'm so sorry.,sad
Ses04F_script02_2_F023,"Dancing barefoot in the sand, drinking champagne from the bottle.",sad
Ses05F_script02_2_F019,No.,sad
Ses03M_impro06_F010,Yeah.  Like I mean if you need anyone to talk to or anything I'm here for you okay?,sad
Ses03F_impro02_F038,Don't do that to me.,sad
Ses01F_impro02_M014,I can't raise a baby by myself.  How?,sad
Ses01M_impro06_M004,God I've told this story so many times. Umm.,sad
Ses03M_impro02_M028,Well that's the kind of work I'm in honey.,sad
Ses01F_script02_2_F035,"I know you meant this to be special, I know that you wanted it to be right, but I just can't help thinking that, I can't help wishing that I was somewhere else.",sad
Ses04F_impro02_M024,"I don't know how else to leave it.  What, do you want me to lie to you?",sad
Ses03M_script01_3_M032,"That's just a little thing but that's the kind of guys I had.  They didn't just die, they killed themselves for each other and I mean that exactly.",sad
Ses03F_impro04_F022,it's not funny. I just don't know what I'm going to do.,sad
Ses05F_script01_1_M000,He saw it.,sad
Ses04M_impro06_F019,"I mean, as- as cliche as it is, as long as people who loved him remember him, then it's not a waste, you know.",sad
Ses05F_impro02_F008,"I don't know ""sigh"".",sad
Ses04M_impro06_F017,I know.,sad
Ses05M_impro02_F024,[GARBAGE],sad
Ses01F_impro06_F005,I went to see her headstone a week or two ago.,sad
Ses05F_script01_1_F005,He cried hard.,sad
Ses05F_impro06_F012,"I feel really bad for his family, you know.",sad
Ses03M_impro06_M025,He was studying to be a doctor.,sad
Ses03M_script01_3_M027,You remember overseas I was in command of a company?,sad
Ses05M_script02_2_M030,I'm trying the best I can.,sad
Ses05M_impro06_F008,"Wow, Ryan I know that you are hurting right now but I don't think you always feel like that.",sad
Ses05M_impro06_F009,Yeah. I understand.  I think it's really healthy to grieve.,sad
Ses03F_impro02_F024,"But she has you. I mean, that's what you're there for. You're my right-hand man.",sad
Ses01M_script01_3_F018,"Chris, what's the matter?",sad
Ses03M_impro06_M015,and the kids are paralyzed in a coma right now.,sad
Ses04F_script01_3_M041,"I felt wrong to be alive, to open the new bank book, to drive the new car, to see the new refrigerator.",sad
Ses01M_impro02_M003,First thing tomorrow morning.,sad
Ses01F_impro06_F007,So I was like wandering around before.  It takes forever to find her headstone; I always lose it. You know.,sad
Ses03F_script01_3_M030,"Well, I lost them.",sad
Ses03M_script01_1_F045,I don't understand you do I?,sad
Ses05F_script01_3_M037,"It felt wrong to be alive-to open that bank-book; to buy that new car; to look at that new refrigerator.  I mean, you can take those things out of the war, but if you drive that car, you have to know that that comes from the love that a man has for a man.  And you've got to be a little bit better than that!",sad
Ses02F_script02_2_F031,Well.  This isn't anything like I thought anything would be like.,sad
Ses03F_impro02_M029,"How is she going to feel the first year in school, no mom.",sad
Ses04M_impro06_F003,I'm sorry.  It's never easy.,sad
Ses04M_impro06_F009,"Well I know it's not a lot of help or anything, but at least you got to know him.  I mean, at least you had the time with him that you did.",sad
Ses03F_impro06_F001,Yeah. Wow.,sad
Ses02M_impro06_M008,"It's just that- I don't know, it's sort it's sort- of a weird thing you know",sad
Ses01F_script01_3_M025,"It's just all mixed up with so many other things, you know?  You know overseas I was in command of a company?",sad
Ses03F_impro06_M007,"You guys were pretty close, weren't you?",sad
Ses01F_impro02_F019,I'll send you lots of letters.,sad
Ses05M_impro06_M002,"The end, he's been sick for awhile.  He had cancer.",sad
Ses02F_impro06_F003,Yeah.,sad
Ses04F_script01_1_M026,I wanted to get this settled first.,sad
Ses05F_script01_1_F004,Did you talk to him?,sad
Ses05F_script02_2_M032,Maybe if you are with somebody else too?,sad
Ses02F_script01_1_F044,I can see that.,sad
Ses02M_script01_3_M029,"They didn't die, they killed themselves for each other.  I mean that exactly.  I mean, a little more selfish and they'd have been here today.",sad
Ses05M_script01_3_M027,"It- It takes time to toss something like that off,I mean, because they weren't just men.",sad
Ses04M_script01_3_M030,"And I got this idea watching them go down, everything was being destroyed, see?  But, to me, it seemed there was one new thing that was made,",sad
Ses02M_impro04_F009,I'm sorry.,sad
Ses05F_impro02_F021,I don't think there's anything we can do.,sad
Ses03M_script01_3_M034,"It was a kind of responsibility, man for man.  You understand me?",sad
Ses05F_impro02_F032,You'll have to send me pictures and letters everyday.,sad
Ses05F_impro06_M011,"Yes of course, of course.",sad
Ses02M_script01_3_M031,"To show that, to bring that onto the Earth again, like some kind of monument and everyone can feel it standing behind him and it would make a difference to him.",sad
Ses02M_impro06_M010,She was [garbage],sad
Ses02M_impro06_F006,Totally.,sad
Ses05F_impro06_F000,A good friend of mine passed away the other day.,sad
Ses05M_script01_3_F021,It wouldn't work like this.,sad
Ses04F_script02_2_F019,We thought I was pregnant and we had a bottle of champagne but no glasses.  You asked me to dance.  So we took off our shoes,sad
Ses05M_script02_2_F017,No.,sad
Ses03M_impro02_M004,They want to deploy me next week.,sad
Ses01F_script01_3_M028,You can't just toss off a thing like that because they weren't just men. You know?,sad
Ses03M_impro04_M026,No.,sad
Ses01M_impro02_M013,I guess you're just going to have to have it without me.,sad
Ses03M_script01_3_M028,Well I lost them.,sad
Ses05F_impro06_M004,It's the worst when they go like that. [GARBAGE] Was he young?,sad
Ses04M_impro06_M019,"Just, you know, some thing; some genie. I need to find a genie bottle.",sad
Ses03M_script01_3_M040,"cause you can take those things out of the war.  But you got to know, when you drive that car that it came out of the love that a man can have for a man and you got to be a little bit better because of that.",sad
Ses03M_impro06_F015,I'm so sorry.,sad
Ses05M_impro02_F023,okay.,sad
Ses01M_impro06_M020,What?,sad
Ses01M_script01_3_M036,And no one had changed it was just like sort of random bus accident to them.,sad
Ses03M_script02_2_F034,This is just this.  You know?  I mean it's a lot and everything but it isn't somewhere else.  Do you know what I'm trying to say?,sad
Ses05F_script02_2_F018,No.,sad
Ses04F_impro02_F023,I want you to be okay with it as much as you can be.  I mean it's not a great situation but we don't have an option here.,sad
Ses01M_impro06_M012,What?,sad
Ses05M_script01_1b_M002,About four this morning.  I heard it crack and I looked out the window and he was standing right there when it cracked.,sad
Ses01F_script02_2_M038,I just- I know I don't make you happy.,sad
Ses02M_impro06_F014,"It's going to be okay, I promise.",sad
Ses01F_script02_2_F036,I didn't say that.,sad
Ses03M_impro02_M031,What do you mean?,sad
Ses01M_impro06_M019,"so many things, you know?",sad
Ses03F_impro04_F024,Yeah,sad
Ses05F_script01_3_M029,"I know that- that's not a big thing, but it's just the kind of guys I had. They didn't die. They- They killed themselves for each other.",sad
Ses03F_impro06_F031,"Yeah. God, I loved that kid.",sad
Ses01M_impro06_M029,"So weird,",sad
Ses01F_impro02_M005,I don't know how you can be okay with this?  I don't know why you're not-- you're fine with it.,sad
Ses02M_impro06_M004,"She was with- yeah  She was with Gary, and he said that she was just sitting there and went to sleep, closed her eyes, and that was it.",sad
Ses02F_script01_3_F021,You've gotta tell me.,sad
Ses03F_script02_2_F039,"I know you are, Augie, and I know you wanted this evening to be nice, but I can't help thinking of being somewhere else.",sad
Ses02M_script02_2_F020,I'd rather not remember some things. I would rather not hope for some things.,sad
Ses04M_impro06_F014,"I agree.  If I knew how to make that happen, I would certainly help you.",sad
Ses04M_script01_3_M028,"For instance, one time it'd been raining several days.  And this kid came to me and gave me his last pair of dry socks; put them in my pocket.  That's only a little thing, but that's the kind of guys I had.",sad
Ses01M_script01_3_F021,You got to tell me.,sad
Ses05F_script01_3_M035,"It was all like some kind of bus accident to them.  I went back to work with my dad, in that whole rat race again.",sad
Ses05M_script02_2_F027,"This is just this.  I mean, it's a lot and everything.  But it's not, you know, something else.  Am I making any sense?",sad
Ses02M_impro06_M012,so loving everybody you know.,sad
Ses04F_script01_3_M039,"I felt, what you said, ashamed somehow",sad
Ses03M_script01_3_M036,And then I came here and it was incredible.  There was no meaning in it here.  The whole thing to them was a kind of bus accident.,sad
Ses02F_script01_3_M033,"I mean, you can take those things out of a war, but when you drive that car, you've gotta know that it came out of the love a man can have for a man.  You've gotta be a little better because of it.",sad
Ses05M_script02_2_F015,"Dancing barefoot in the sand, drinking champagne out of the bottle.",sad
Ses01F_script02_2_F034,"I know you are Augie, I know.",sad
Ses01F_script02_2_F022,I'd rather not remember some things.  I'd rather not hope for some things.,sad
Ses03F_impro06_F009,"We did everything together, you know.",sad
Ses03F_script02_2_F038,it's not something else. Do you know what I'm trying to say?,sad
Ses05F_script01_1_F000,What's he going to say? Maybe we should tell him before he sees it.,sad
Ses05M_script02_2_M029,"Now, I know.  Me either",sad
Ses03F_script01_3_F027,You should tell me.,sad
Ses03F_script02_2_F036,Things have never turned out anything the way that I thought they would be.,sad
Ses05F_impro02_F034,"Yeah, as much as I can.",sad
Ses05F_impro02_F036,Yeah.,sad
Ses02F_script01_3_F020,"Then, what's wrong?  I mean, even in your letters there was some--something ashamed.",sad
Ses05F_script01_3_M024,Remember when I was overseas?  I was in command of the company.,sad
Ses03F_impro06_F022,Because this other half was just kind of like ripped away.,sad
Ses01M_impro02_M014,"Hey listen, it's going to be okay though, all right?",sad
Ses04M_impro06_F008,"I mean, what do you want to do?  Do you want to- do you want to talk about it?  Do you-",sad
Ses03F_impro06_F013,"His poor parents. You know, it's their only son.",sad
Ses01F_script01_3_M033,"But then I came home and it was incredible, you know?  The whole thing was just kind of this random bus accident.  You know, I went back to the rat race again, I went to work.",sad
Ses04M_impro02_F009,You won't even know your child when you come back.  This -- isn't there someone you could talk to?,sad
Ses01M_impro06_M017,So weird you know that like one days it's like you know sounds so stupid but like one day someone's here. And like next day you know they're not here and it just kind of makes you like think about like life and mortality and like that kind of stuff.  You just like used to take for granted--you know.,sad
Ses02F_impro06_F000,"Um, Johnny died yesterday.",sad
Ses01M_impro06_M006,"And I've kind of been dealing with all of the...the stuff, you know the hospital and people work because...",sad
Ses03F_impro06_F015,"I know. He was, he had so much going for him.",sad
Ses01M_impro02_M015,You're going to be fine.,sad
Ses01M_script02_2_F036,"I just can't help wishing that I was somebody, somewhere else.",sad
Ses05F_impro02_F029,We'll figure something out.  We just have to ... we just have to think about this.  Could any of your family help us?,sad
Ses02F_impro06_F004,I just don't want him to be gone.,sad
Ses02F_script02_2_F033,"I know that, Augie.  Really, I do.",sad
Ses02M_impro02_F003,but,sad
Ses02F_impro04_F009,I feel so worthless.,sad
Ses05F_impro06_F009,And he could of...  He was pretty awesome,sad
Ses04M_script01_3_M025,Well I lost them.,sad
Ses05F_impro04_F015,I'm just so scared to start over I mean.  I put so much time and energy into being here.,sad
Ses01M_script01_3_M031,"They didn't die they killed themselves for each other and I mean that exactly, you know a little more selfish and they'll all be here today...",sad
Ses03F_impro06_F007,He was amazing.,sad
Ses03F_script02_2_F027,No.,sad
Ses04F_script01_3_M040,because nobody was changed at all.  It seemed to make suckers out of a lot of guys.,sad
Ses03M_impro06_M030,I can't do that.,sad
Ses02M_script01_3_M025,"Well, I lost them.",sad
Ses02M_impro06_M021,"It's just going to take a while, I think.",sad
Ses05F_impro06_F020,Thanks.,sad
Ses02F_impro02_F009,You can just remember it for me.,sad
Ses03F_script01_2_F020,You got to keep believing.,sad
Ses03F_impro04_F002,"I just, I see all these other people getting commercials and work and it's like I'm not getting anything.",sad
Ses03M_script01_1_M004,No.  I figured the best thing to do was leave him alone.,sad
Ses01M_script01_3_M039,And if you can't see that then it's just loot and there's blood all over it.,sad
Ses03M_script01_1_M006,I guess he is.,sad
Ses03M_impro06_F013,just things happen in life and you just...there's just no explanation you know?  We just don't...,sad
Ses05F_script02_2_F030,"For heaven's sake Augie, wherever I am I always wanted to be with you.",sad
Ses02F_script01_3_M034,Because otherwise all you have is really loot and there's blood on it.  And I didn't want to take any of it.  And I guess that included you.,sad
Ses05M_script01_1_F000,What's he going to say?  Maybe we should tell him before he sees it.,sad
Ses03M_impro02_F017,I'm sick of being strong-- --for us.,sad
Ses01M_script01_3_M032,"And I had this idea as I was watching them go down like everything was being destroyed, you know.  But I felt like this one new thing was being made, you know it's kind of like this.  This monument...",sad
Ses05F_script02_2_F017,I rather not remember some things.  I rather not hope for some things.,sad
Ses05M_script01_3_M030,"I mean that exactly, anymore selfish -- just a little bit more selfish and they would have been here today. And it gave me an idea as I was watching them all go down.",sad
Ses03M_script01_3_M033,A little more selfish and they'd still be here today.  And I got this idea watching them go down.  See everything was being destroyed but there was one new thing that was being created.,sad
Ses03M_impro06_M009,And he just took it overboard.,sad
Ses02F_script02_2_F016,"I thought I was pregnant, you had a bottle of champagne, but no glasses.  You asked me to dance, so we kicked off our shoes and you popped the cork.",sad
Ses04M_script01_1_M034,"father forgot about Larry, we'd have a regular wedding and everything happy.  If I can't get that here, then I'll have to get out.",sad
Ses05F_script01_3_M030,I mean that exactly that-a little more selfish and they would have still been here today.,sad
Ses02M_script02_2_M037,Maybe if you were with somebody else too.,sad
Ses01F_impro06_F013,I don't know.,sad
Ses01M_impro06_M026,For like eight years.,sad
Ses02M_impro06_F012,Even if you still do she'll- she'll be there.,sad
Ses05F_impro02_F001,um.,sad
Ses02M_script01_3_F021,It wouldn't work this way.,sad
Ses04M_impro06_F015,"When's the service? Can- can we help?  Is there anything, I mean--",sad
Ses02F_impro06_F010,He did a lot.  But--,sad
Ses01F_impro06_F022,She used to have these poetry parties on Memorial Day.,sad
Ses04F_script01_3_M024,Yes.  I suppose I have been but it's going from me.,sad
Ses02F_impro06_F013,You start to lose like that image after a while.,sad
Ses03F_impro06_F023,"He was like, he was like my brother, you know.",sad
Ses03M_impro02_F023,You said two years.,sad
Ses04M_script02_2_F032,I didn't say that.,sad
Ses04F_script01_3_M033,They didn't die.  They killed themselves for each other.  I mean that exactly.  A little more selfish and they'd have been here today.,sad
Ses02M_script01_3_M033,"And I felt what you said, ashamed somehow 'cause nobody had changed at all.  It seemed to make suckers out of a lot of guys.  I felt wrong to be alive to open the new bank book, drive the new car, see the new refrigerator.",sad
Ses03F_impro02_F037,"Well, we- we tell her mommy's going on va- on a trip for for- a while.",sad
Ses03F_impro06_F027,Kelly. Kelly Uveny.,sad
Ses03M_impro02_M027,I know.  I know.  But they really need some good guys there.,sad
Ses04M_impro06_M012,"I mean, it's just not fair.  Like, I don't know.  Why people -",sad
Ses02M_impro02_M017,"Our baby has a dad, alright. Daddy is going to be back soon.",sad
Ses03F_impro06_M011,"Yeah, but you were there all the hospital days. By his bed-",sad
Ses04M_script02_2_F021,No.,sad
Ses04F_script01_3_M034,"And I got this idea watching them go down.  Everything was being destroyed see, but it seemed to me that there was one new thing that was made",sad
Ses03M_script01_2_F011,it's like I know as long as she's waiting I'm right again.,sad
Ses03M_impro06_F001,Hanging in there?,sad
Ses03M_impro06_M027,What the...what am I doing?,sad
Ses02F_script01_1_F004,Did you talk to him?,sad
Ses03F_impro06_F035,I loved him so much.,sad
Ses05M_script01_1_F005,He cried hard?,sad
Ses01M_script02_2_F026,No.,sad
Ses01M_script01_3_M002,Why not?,sad
Ses05M_impro06_M001,"My friend, Shotty, passed away.",sad
Ses03M_script01_2_F010,"My worst times I think about her, you know, and I",sad
Ses03F_impro06_F016,"So handsome, so young, so gifted.",sad
Ses02F_script01_3_F023,"Yeah, sure.",sad
Ses04M_script01_3_M035,"You have to be a little better because of that.  Otherwise, we have is really loot and there's blood on it.  I don't want to take any of it.  I guess that included you.",sad
Ses05M_script01_1b_M004,No.  I figured it was best to leave him alone.,sad
Ses03M_impro06_F020,Now I can't.,sad
Ses02M_impro02_M009,I've never been - I've never been away from you for two weeks let alone a year.,sad
Ses05F_impro04_F022,That's really hard to hear.,sad
Ses05F_script01_2_F016,You've got to believe. You've got to--,sad
Ses04M_impro02_M000,It's only going to be a year.,sad
Ses03F_impro06_F017,So talented.,sad
Ses03M_script02_2_F025,No.,sad
Ses03M_impro02_M019,You know I can't say no.,sad
Ses04F_script01_1_M032,"These years when I think of someone for my wife, I think of Annie.  What do you want, a diagram?",sad
Ses02M_impro06_M006,"God, it's you know, we've spent so much time with them it's just really surreal, really weird that we're not going to be able to see her anymore and go",sad
Ses03F_script01_1_M026,"Every time I reach out for something I have to pull back because other people will suffer. My whole entire life, time and time after time.",sad
Ses05F_impro06_M007,There's no reason for it.,sad
Ses01M_script01_3_F024,How many?,sad
Ses03F_impro02_F018,"Honey, I'm going to come back. It's not like that.",sad
Ses04F_script01_3_M035,a sort of responsibility man for man.  You understand me?,sad
Ses05F_impro06_F001,"Oh they had some pretty progressive cancer,",sad
Ses03F_impro02_M021,"me, oh my god.",sad
Ses03M_impro06_M005,no one else would talk to me but he would.,sad
Ses03M_impro06_M013,And the car that he hit was his family.,sad
Ses03F_impro06_F030,so I was there for him.,sad
Ses03M_script01_1_M001,He was out there when it happened.,sad
Ses03F_impro02_F043,I'm so sorry.,sad
Ses05M_impro02_M011,I don't want to -- the kids.  You've got to take care of them.  You've got- you've got to-,sad
Ses04F_impro02_F006,Do you think I want to leave you?,sad
Ses01M_impro06_M015,It's just really weird because he was really young you know and it kind of like...,sad
Ses03F_script02_2_F040,I didn't say that.,sad
Ses04F_script01_3_M023,"No, nothing like that.",sad
Ses03M_script02_2_F038,"Augie, whatever I'm doing I'd rather be doing with you.",sad
Ses01M_script01_3_M029,"For instance, there was this one time when this kid--it had been raining for like several days and he gave me his last pair of dry socks.",sad
Ses02M_impro06_M001,"yeah, I mean, you know, it was a -",sad
Ses02M_script01_3_F025,Do you still feel that way?,sad
Ses03M_script01_3_M035,And to show that and to bring that onto the earth again like some sort of monument standing right behind all of us and we could feel it and it would make a difference to him.,sad
Ses05F_script01_1_F031,"You marry his girl, and you're pronouncing him dead.  Now what's going to happen to your father, do you know?  I don't.",sad
Ses05F_impro02_F035,"""sigh"" Three weeks.",sad
Ses05M_impro06_M014,"You always think, you know when you were- you know when you were a little kid and you think something is gonna happen, like, it will all be better when I am older, you know?",sad
Ses01M_impro06_M007,"He kind of didn't have anyone to take care of that for him, so--",sad
Ses02M_script02_2_M038,"No, I know. But still, I know I don't make you happy.",sad
Ses03F_script01_3_M043,And I guess that included you.,sad
Ses04M_impro06_F012,"It'll get better.  I know it doesn't help, but it will get better and you will remember all of the good things that you guys had; all of the memories that you have with him that were happy and you'll be grateful for those.",sad
Ses02M_impro06_M003,"I mean at least she was home, she wasn't in the hospital anymore,",sad
Ses01M_script02_2_M044,"No, I know but--I know I don't make you happy.",sad
Ses03F_impro02_F023,"Babe, I love you.",sad
Ses03M_script01_3_M041,Otherwise what you have is loot and there's blood on it.,sad
Ses01M_impro06_F004,You've been taking care of it all?,sad
Ses01F_impro06_F021,"My best friend Heather.  She's got a- we have a- we built this like little--  There's a park, Prospect Park.  And there is like a garden section of it that we set up for her.",sad
Ses03F_impro02_F041,"I didn't expect this to happen. I never planned for this. Some things you just don't plan for, you know.",sad
Ses02M_impro02_F013,"Our baby needs a dad; you can't leave. Okay, you can't disappear.",sad
Ses01M_impro02_M002,I just got a letter I have to go back.,sad
Ses01M_impro02_M021,I just wish there was something I could do.,sad
Ses02F_script01_3_M022,I don't know how to start.,sad
Ses03M_impro06_M031,You should've met him.,sad
Ses04M_impro06_M011,This is just -- this is a terrible life.  I just don't understand.,sad
Ses03M_impro06_M026,"I mean he was...he wanted to help people in poor countries, that is his goal.  He didn't care about the money.  He just wanted to go and help people.",sad
Ses05M_script01_3_M033,It was and then I went home.  And it was incredible.  It didn't have any meaning there.,sad
Ses03F_script01_3_M033,"For instance, one time, it had to have been raining several days. There was this one kid, he came up to me and he gave me his last pair of dry socks. Put them in my pocket.",sad
Ses02F_script01_3_M026,It takes some time for a guy to toss that off.  'Cause they weren't just men.,sad
Ses04F_impro06_M010,You're okay,sad
Ses01F_impro02_F020,And I want lots and lots and lots of pictures.,sad
Ses05F_impro06_M006,It's the think,sad
Ses03M_script01_1_M047,No you don't.  I'm a pretty tough guy.,sad
Ses01M_impro02_F017,Mm hmm.  We'll build a bunker and never come out.,sad
Ses03F_impro06_F008,I loved that boy.,sad
Ses02M_impro02_F006,I hope so.,sad
Ses03F_impro06_F011,He's so young. It seems so--,sad
Ses01M_impro06_F003,I'm sorry to hear that.,sad
Ses01M_impro06_F006,He sick for awhile?,sad
Ses03M_impro02_M005,For--,sad
Ses04F_script01_1_M004,"No, I figured the best thing was to leave him alone.",sad
Ses02F_script01_3_M027,"For instance, one time, it had been raining several days and this kid came to me and gave me his last pair of dry socks.  I put them in pocket.  It's only a little thing, but that's the kind of guys I had.",sad
Ses05F_script01_1_M009,"You know that Larry's not coming back, and I know it.  So why do we go on letting him think that we believe with him?",sad
Ses03F_script01_3_M029,You know when I went overseas. I said I was in command of a company.,sad
Ses03F_impro02_M014,I have to work.,sad
Ses03F_script01_2_F021,I can't help it.,sad
Ses05F_script01_1_M006,"I guess, he is.",sad
Ses03M_impro06_M016,and just going to the funeral it's-,sad
Ses03F_script02_1_F011,I don't know. I just don't.,sad
Ses04M_script02_2_F019,I'd rather not remember some things.  I'd rather not hope for some things.,sad
Ses03M_script01_3_F008,"Well, I don't know, embarrassed of her since I came.",sad
Ses01M_script01_1_M042,"No, you don't.  I'm a pretty tough guy.",sad
Ses04M_impro06_F011,You feel that way now because you're upset.  But you don't really think that.,sad
Ses03F_impro06_F005,"They thought he got--would get better and he did, and then it just- things turned bad.",sad
Ses03M_script01_1_M007,"I don't know.  But I know one thing mom, we made a terrible mistake with dad.",sad
Ses01M_impro06_M025,Umm...,sad
Ses05M_script01_1_F004,Did you talk to him?,sad
Ses02F_script02_2_F022,No.,sad
Ses01M_impro02_M022,Run away?,sad
Ses03M_impro06_M022,He's supposed to be my best friend.,sad
Ses04M_script01_3_M026,Just about all.,sad
Ses05F_script01_3_F022,how many?,sad
Ses03F_script01_3_F029,"Yeah, sure.",sad
Ses03F_script02_1_F000,Fine.,sad
Ses01M_script01_1_F005,Cried hard?,sad
Ses05F_script01_1_M016,"You know why I asked Annie here, don't you?",sad
Ses03F_impro06_F000,Okay.,sad
Ses01F_impro06_F010,"Yeah.  And she was like, that's pathetic, I hope you enjoy it.",sad
Ses02M_script01_1_M005,I could hear him right through the floor in my room.,sad
Ses05F_impro02_F002,I'm sorry.  It's just a lot ahh to explain. ahh I got a call--,sad
Ses05M_impro02_M013,I don't have -- I know.  What are we gonna- What are we- just run away?  What can I do?  Where can we go?,sad
Ses01M_script02_2_M038,No.  You know what you get?  You know what you get?  You get this.,sad
Ses05M_script01_3_M023,It's so mixed up with so many other things.,sad
Ses02M_impro06_F005,Yeah.,sad
Ses03M_script02_2_F035,I know you are Augie.  I know you wanted this evening to be nice.,sad
Ses01M_impro02_M007,"The National Guard is I guess really spread thin and then everyone has to go.  We all have to go back, my whole companies going back.",sad
Ses02M_impro02_M018,"I want you to, you know, take lots of video; pictures and I can see you when I get back or while I'm there. I'm going to miss you.",sad
Ses02F_script01_3_F024,How many?,sad
Ses05F_impro06_M005,"Absolutely, absolutely.",sad
Ses05F_impro06_F022,something happens and they die and it's like-,sad
Ses03F_script02_2_F028,"No, no.",sad
Ses01F_script01_3_M022,No it's nothing like that. It's-,sad
Ses03M_script02_2_M037,I know.  But I know I don't make you happy.,sad
Ses05M_impro06_F003,"Oh, my gosh.",sad
Ses02F_script01_1_F005,He cried hard?,sad
Ses05M_impro06_M019,I just miss him.,sad
Ses04F_script01_3_M036,And then I came home and it was amazing.,sad
Ses01M_script03_1_F030,Which particular one?,happy
Ses05M_script02_2_M035,"I don't know.  I think this is a pretty good spot.  I mean, look at the view of the moon from here.",happy
Ses03M_impro04_M041,"Like, wow you're really smart we're going to give you an extra [GARBAGE].",happy
Ses03M_impro03_M015,"I couldn't, I couldn't afford the Red Lobster. [LAUGHTER] What anyway?",happy
Ses02F_script01_3_F012,I almost got married two years ago.,happy
Ses03F_script01_3_F018,Every day since.,happy
Ses03M_script01_3_F018,You'd always be so ambiguous.,happy
Ses02M_script01_3_F007,"I knew they would, your mother anyway.",happy
Ses04M_impro07_F011,"Oh, you did not just say that.",happy
Ses01M_script02_2_M052,Shh...,happy
Ses02F_script01_3_F029,What'll I do with a fortune?,happy
Ses02F_impro03_M023,"I mean, I'm surprised he didn't, ya know--go get a plane to fly over and shine--But candles on the beach, that's okay too I guess--",happy
Ses02F_impro03_M026,"It'll be good.  Wow, that's great.",happy
Ses05M_impro07_F004,What are you gonna study?,happy
Ses05M_script01_3_F012,Everyday since.,happy
Ses05F_impro03_M061,"Oh, thanks.  I'll need it.",happy
Ses04F_script02_2_F046,I'm beginning to think you might be right.  I think this may be the spot after all.  Augie I'm sorry.,happy
Ses05M_impro03_M026,She wants grandkids. So we'll be working on that right away.,happy
Ses01F_impro03_F024,Well so now we're married. We have cat children.,happy
Ses02M_script03_1_F007,"Yes, I should probably to a court curtsey.",happy
Ses02M_script03_1_F024,It went on intermittently for days.,happy
Ses02M_impro08_F028,Well thank you so much. You've been very helpful. I really appreciate it.,happy
Ses05F_impro03_M067,Would you mind popping out a few for me?,happy
Ses03M_impro03_M039,Oh that's great. My mom said we can move in with her again if we run out of money.,happy
Ses02M_script03_1_F029,And very much sillier.,happy
Ses04F_script02_1_M000,What time is it?  They're supposed to run around midnight.  This is great isn't it?  Look at this night we've got here.  It couldn't be better.,happy
Ses05M_impro03_F005,oh-,happy
Ses03M_impro03_M016,So Okay then and.,happy
Ses03M_script02_2_F042,Yeah.  I noticed that.  It's real pretty on the water.,happy
Ses02M_script02_2_M046,Or not.,happy
Ses05F_script02_2_M036,I don't know.  Seems like a pretty good spot to me I mean look at the view of the moon you got from here.,happy
Ses01F_impro03_M023,[LAUGHTER] Cat babies.,happy
Ses02M_script03_1_F021,Which particular one?,happy
Ses01F_script01_3_F010,[BREATHING],happy
Ses03M_impro03_F033,She must be hot.,happy
Ses03M_script01_3_M008,"I mean, that's the reason why I asked you here.",happy
Ses05F_script02_2_M041,Or not.,happy
Ses03F_script01_3_F014,"I've been ready for a long, long time.",happy
Ses03M_impro03_M019,Yeah.,happy
Ses05M_impro03_M011,"And she's like- she feels it you know and she doesn't know what it is.  And she you know helps me get out and I won't let go of her hand.  And she's like, what are you doing?  I and said, You saved my life, now will you marry me?",happy
Ses02M_impro07_F016,you get to like be a part of that.,happy
Ses04M_impro07_M010,"Um, you know, I don't think so.  But I think that, you know, it's still a private school",happy
Ses01F_impro03_M015,He loves you.,happy
Ses01M_script03_1_M019,Flippancy brings out the acid in their darn sweetness and light.,happy
Ses01F_script02_2_F045,I'm beginning to think this might be the right spot after all.,happy
Ses01F_script01_3_F012,[LAUGHTER],happy
Ses03M_script01_3_F017,"I was waiting for you Chris, I mean, till then you never wrote and then when you did what did you say?",happy
Ses02F_script03_1_F019,"Darling, I believe you're talking nonsense.",happy
Ses03F_script01_3_M006,"Oh look, um, well, the thing is, I was planning on, planning on sort of sneaking up on you over a week or so, and they-they take it for granted we're all set.",happy
Ses04F_script01_3_F009,I guess this is why I came.,happy
Ses04M_script02_2_M040,"I don't know.  It seemed like a good spot to me.  I mean, look at the view you've got of the moon from here.",happy
Ses02M_impro07_F029,So Congratulations. That's awesome.,happy
Ses03F_script03_1_F021,Oh Charles. That was his name. Charles. He did wiggle so beautifully.,happy
Ses02M_script02_2_M042,What have we got here?,happy
Ses05M_impro08_F027,No.  I'm just gonna go have a fantastic day now.,happy
Ses05F_impro03_M030,[LAUGHTER] I am sil,happy
Ses03M_impro07_F000,Hey.  How's it going?  I haven't seen you in awhile.,happy
Ses03M_script01_3_F034,What am I going to do with a fortune?,happy
Ses05M_impro03_M004,"She--,well, she said yes, first of all, let me say that right off the bat. Well, I would like to assume, too.  But you never know these things, right?",happy
Ses04M_impro03_M024,"But, you know, it's like I really love her and I really just -- I can't imagine spending my life with anybody else but her.  So, you know, it's like I know that's the right thing.  And if you have to, you know, if you have to question that, you know, don't- don't do it.  So we're going to do it.",happy
Ses02F_script03_1_F028,"The manager came in and found us rolling around on the floor, biting and scratching like panthers.",happy
Ses02M_script03_1_F027,The manager came in and found us rolling around on the floor biting and scratching like panthers.,happy
Ses05F_impro03_M060,[LAUGHTER],happy
Ses01F_impro03_F009,But we're going to have a honeymoon cruise.,happy
Ses01F_script03_1_M037,[LAUGHTER] We were very much younger then.,happy
Ses01M_script02_2_M049,Look what we got here.,happy
Ses01F_script03_1_M018,Who knows?,happy
Ses01F_impro03_M014,Is that your phone?,happy
Ses02M_script01_3_F028,What'll I do with a fortune?,happy
Ses03F_impro03_F021,"like I think I want to get married--I want to have two weddings. One here, then one in Europe.",happy
Ses02M_script03_1_F022,"Oh Charles, that was his name Charles. It did wiggle so beautifully.",happy
Ses04M_impro03_M022,"Yeah, yeah.",happy
Ses01F_impro05_M002,Uh huh.,happy
Ses03M_impro03_F027,How long have you guys been going out?,happy
Ses04F_script01_3_M011,I'm embarrassing you.  I didn't want to tell it to you here.  I,happy
Ses02M_impro03_M014,"I know, so",happy
Ses02M_impro07_F018,"[LAUGHTER] like a- like a- [LAUGHTER] No, but I mean like everywhere you go people know who you are.",happy
Ses05F_impro03_F028,I know,happy
Ses05F_impro03_F049,L.A. apartment is fine.,happy
Ses05F_script01_3_F017,"Like Larry's brother.  Do it like you, Chris.  Chris, what's the matter?",happy
Ses01M_script02_2_M053,"If we are really quiet, the fish might come.",happy
Ses01M_script03_1_M041,We were very much younger then.,happy
Ses05M_script01_3_F001,It's all right.  It's a good thing.  It's lovely here.  The air is sweet.,happy
Ses03M_script01_3_F015,You started to write me.,happy
Ses01F_script03_1_F021,"Oh Elliott, worms don't pop.",happy
Ses03M_script02_2_F046,No I'm beginning to think you might be right.,happy
Ses05M_impro07_F045,Yeah.  We'll have so much fun.,happy
Ses01M_script03_1_M040,oh...,happy
Ses01F_script02_2_F042,"Hmm.  I noticed that, it's pretty. Big old white moon.",happy
Ses03M_script02_2_M042,"Hey, look what we got here.",happy
Ses01F_impro03_F025,"We renamed Brenda, Lumber Janet.",happy
Ses05F_impro03_F027,"It's so weird too, right, that like you can grow up so near somebody and never know them until you travel hundreds of miles away.",happy
Ses02F_impro03_M010,No. I'm just as happy as you are.  This is--,happy
Ses01F_script02_2_F019,"You whispered the sweetest, most intimate things to me right into my ear so I could feel them as much as hear them.  And I remember thinking, this is it.  You know, finally, I am as happy as I'm supposed to be.",happy
Ses05F_script03_1_F031,"Oh, ridiculous. utterly ridiculous",happy
Ses02F_impro07_M019,"I mean because you went to the campus before, right?",happy
Ses03F_script01_3_F012,"from her opinion, why else would I come here?",happy
Ses04F_impro06_F008,[LAUGHTER] You're probably right.  He probably would be pissed if we were all sitting around being upset about it. He'd want us to have a party.,happy
Ses05M_impro07_M009,"I worked really hard, I'll say, I worked really hard. You know, I I'm not bragging or anything like that. But-",happy
Ses01M_script03_1_M010,With perfect poise...,happy
Ses04F_script01_3_F030,What'll I do with a fortune?,happy
Ses01F_script01_3_M015,Why didn't you let me know?,happy
Ses05F_impro03_F051,"Two artists, though.  We're bound to be poor forever.",happy
Ses05F_impro03_F056,"You won't have trouble, You won't have trouble.",happy
Ses04F_script01_3_M020,"Annie, we're going to live now.  I'm going to make you so happy.",happy
Ses03F_impro07_M034,"Hey, I'm already getting used to it.",happy
Ses03F_script01_3_M013,I-I love you. I have no imagination. That's all I know how to tell it.,happy
Ses01F_script03_1_M008,What shall we do if they suddenly walk in on us.[LAUGHTER],happy
Ses01M_impro07_M033,Pull over..,happy
Ses05F_impro03_F058,"Yeah, totally.",happy
Ses05F_script01_3_F002,It's so lovely here.  The air is sweet.,happy
Ses02F_script02_2_M043,It's not champagne.,happy
Ses05M_impro03_F022,Are they so excited?,happy
Ses01F_impro03_F008,"Yeah.  Well.  You know, because he's leaving the next day.",happy
Ses02M_impro08_F030,Thank you very much bye.,happy
Ses03F_script03_1_F025,yeah. And that was the first time you ever hit me.,happy
Ses03F_script01_3_M009,"I, I guess that's why I asked you to come.",happy
Ses02F_script02_2_M046,Or not.,happy
Ses01F_script03_2_F001,Oh.  You knew there was nothing in that.,happy
Ses01F_script03_1_M010,"It's strange; things that ought to matter dreadfully, they just don't matter at all when one's happy.  Do they?",happy
Ses05M_impro07_F008,That's awesome.,happy
Ses01M_script03_1_M016,"Oh, dear god what is that all mean, dear god?",happy
Ses01F_impro05_M001,Can I help you?,happy
Ses02F_script02_2_M042,"Well, look what we have here.",happy
Ses02F_impro03_F017,"Yeah, yeah, I called them. I called them And, of course, they were so excited 'cause they love him. Like they always have.  Um--",happy
Ses03M_impro07_F008,Yeah.  Hopefully it won't be like high school.,happy
Ses05M_impro08_M028,"All right.  Bye, bye.",happy
Ses03M_script01_3_F012,I guess that's why I came.,happy
Ses02M_impro07_M024,"I-I don't know. Kind of a broad,",happy
Ses01M_script03_1_M012,Ah...Strange...,happy
Ses02F_impro03_F023,Thank you. Thank you so much.,happy
Ses01F_script02_1_M044,"About all of that, about all I was talking about.",happy
Ses05F_impro03_F046,I have to think about moving now.  We're going to move in together,happy
Ses03F_script02_2_M041,It's not champagne.,happy
Ses04M_script02_2_M041,"Shh.  If we're very quiet, the fish might come.",happy
Ses05M_impro03_F021,"Oh, my gosh.  You told your parents already? and everything",happy
Ses05F_impro07_M007,"Okay, you're right, you're right, you're right,  right.  Maybe we should get a place together.",happy
Ses05F_impro03_F035,Thank you.,happy
Ses02F_script03_1_F010,"Yes, meaning just that.",happy
Ses05M_script01_3_M042,Annie I am going to make you a fortune.,happy
Ses05F_impro08_M031,"You too, thank you so much, have a wonderful day.",happy
Ses05M_impro07_F031,"There's actually, a friend of mine is um- moving out of her place and her place is amazing-- And it's really cheap.",happy
Ses04F_script02_2_F045,Well then I guess we don't need glasses.,happy
Ses04M_impro03_M008,"Yeah. Yeah. So- I know.  I know. I know.  It's weird 'cause it's like the beginning of the rest of my life, you know.",happy
Ses05M_script02_2_M040,Or not.,happy
Ses03F_script01_3_F035,What am I going to do with a fortune?,happy
Ses02M_impro07_F017,"Like you get to be a part of that. Like the, like the- Like a cult.",happy
Ses05F_impro03_F041,[BREATHING],happy
Ses05F_script01_3_F015,I'll never forgive you.  Why did you wait so long?  All this time I've been wondering if I was a fool for thinking of you!,happy
Ses04M_script01_3_M037,"Annie, Annie, I'm going to make you a fortune.",happy
Ses03M_impro03_M017,"I got all the character animals to do a conga line,",happy
Ses03M_impro03_M021,"You're my guiding light, then they put on that song the I've had the time of my life, that song.",happy
Ses01F_impro03_F002,Yeah.  In the old town part.,happy
Ses04M_script03_2_F008,"Just a little, perhaps, nothing serious.",happy
Ses05F_script02_2_F015,"And I remember thinking, Finally, finally.  I am as happy as I am supposed to be.",happy
Ses04M_impro03_M028,"Well, I mean I just told her--Well I just said, you know, hey, these are my suggestions.",happy
Ses05M_impro03_F008,so cute.,happy
Ses01F_script03_1_F020,[LAUGHTER],happy
Ses02F_script03_1_F006,Behave exquisitely.,happy
Ses03F_script03_1_F026,The manager came in and found us rolling on the floor and biting and scratching like panthers. [LAUGHTER],happy
Ses01F_script02_2_M046,[BREATHING],happy
Ses01M_impro07_M032,I'm going to have a mustache...On the force...,happy
Ses01F_script01_3_F021,Not like that you're not.,happy
Ses01M_script03_1_M017,"You mustn't be so serious, darling, it just what they want.",happy
Ses03F_impro03_F020,No. No plans. or any- and probably,happy
Ses03M_impro03_F012,She actually asked if it was real?  I would've probably asked the same thing considering you were in Chuck E. Cheese.,happy
Ses01M_script03_1_M004,I don't care then.,happy
Ses05M_impro03_F010,oh.,happy
Ses05M_impro07_F039,good for you.,happy
Ses01M_script01_3_F016,I'll never forgive you for waiting so long.  All I did was sit around and wonder if I was crazy for thinking about you.,happy
Ses05F_impro03_F040,There's still time for that.,happy
Ses04F_script01_3_M010,I have no imagination that's all I know to tell you.,happy
Ses05F_script01_3_F000,You're the only one I know who loves his parents.,happy
Ses05F_impro03_M062,"Oh thanks, you're too nice",happy
Ses03M_impro03_M014,She wanted...she always wants something spontaneous.,happy
Ses05M_impro03_M008,"and you can climb it and it's covered in algae you know. So, I wanted her to climb it to go take a picture, like, back in this little waterfall area, and she got back there and she took her picture. And then, I had her come back.  And I was going to do the same thing.",happy
Ses05M_impro03_M010,"And I pop up out of the water -- and I had planned it already, you know? I pop up out of the water and I [BREATHING] and I like, grab her hand, you know.  and that In my hand, I've got the ring.",happy
Ses01F_script03_1_F022,"Aw.  Thank you, darling.  The same applies to you too, except that if you so much as look at another woman I'll kill you.",happy
Ses03F_script02_2_F043,"Well, I guess we're just in the wrong spart-spot with the right person.",happy
Ses01F_script02_2_M026,Do you want to get married again?,happy
Ses02M_impro07_F024,I will do the best I can.,happy
Ses02M_script03_1_F025,It burned my comb too and all the towels in the bathroom.,happy
Ses03M_impro07_M025,"It took them, oh man, it took them like, I mean what it's like April now and any letters that come in April are usually the rejection letters so I was just like...",happy
Ses03F_script02_2_F044,I noticed that. It's beautiful.,happy
Ses02M_impro03_M031,Hah.,happy
Ses04F_script01_3_M009,"Ann, I love you.  I love you a great deal.  I love you.",happy
Ses05M_impro07_F023,"So when do you know, like, where you're gonna live? and-",happy
Ses03M_impro03_M032,"Yeah, she is good-looking.",happy
Ses02M_impro07_M010,and everything like but,happy
Ses05F_script01_3_F009,I guess this is why I came.,happy
Ses02F_impro03_M009,"Yeah.  I mean candles wouldn't stay--No, I didn't--I didn't know anything about it.",happy
Ses03M_script02_2_M046,Or not.,happy
Ses04M_impro03_M021,"Yeah, yeah. She was actually -- she was going to tell you but I told her that I wanted to tell you and she had to work today anyway, so I decided to-",happy
Ses05M_script01_3_F027,[LAUGHTER] What will I do with a fortune?,happy
Ses02M_script02_2_F045,Or not.,happy
Ses02M_impro07_M025,"yeah, I mean a lot-a lot  of good stuff oh, yeah, I mean it's- it's just a really good school; so really, whatever I pick I can't go wrong. I mean I'm just",happy
Ses01M_script01_3_F030,What would I do with a fortune?,happy
Ses05F_impro03_M058,yeah.,happy
Ses03M_script01_3_F014,"Look, I almost got married two years ago.",happy
Ses04M_impro03_M030,Yeah.  Well maybe--maybe you're right. Maybe there's something to that.,happy
Ses03F_impro07_F032,[LAUGHTER] Hello? I am not.,happy
Ses02M_script01_3_F001,It's all right.  It's a good thing.,happy
Ses03F_impro07_F013,So now I can stay here and now we can party. I know.,happy
Ses05F_impro03_F031,Yeah.,happy
Ses01M_script01_3_M009,"Ann, I love you.  I love you.",happy
Ses01F_script01_3_M017,Give me a kiss.,happy
Ses05F_script02_2_F033,Good.  So maybe we are on the wrong spot but we are with the right person.,happy
Ses01F_script03_1_M025,Oh Come and kiss me darling before your body rots and worms pop out of your eye sockets.,happy
Ses04M_impro08_F023,"I really appreciate this. I know it's not policy or whatever but, seriously",happy
Ses03F_impro03_F015,"Oh, yeah. Everyone--yeah. And people--friends of ours were in the audience, I didn't know about, like family members.",happy
Ses05F_impro08_M030,"It was horrible, but you've made it much better, thank you very much. Absolutely",happy
Ses05F_script02_2_M037,"Well, look what we have got here.",happy
Ses01F_impro03_F010,Oh.  I hadn't even thought about that.,happy
Ses02M_impro07_M011,"it was good, yeah. I mean-",happy
Ses02M_script02_2_M040,"Now that you mention it. No, I don't.",happy
Ses03F_impro02_M001,She's doing fine. She just took her first steps today actually. I videotaped it for you so you can watch it.,happy
Ses03M_script01_3_F020,"I mean,  Why did you wait all these years?  There I was sitting around and wondering if I was crazy for thinking about you.",happy
Ses05M_impro08_M026,"Great.  Well, that makes me very happy.  That makes us all happy here at D.S.L. Extreme.  Is there anything else I can help you with?",happy
Ses04F_script01_3_F012,You started to write me.,happy
Ses05M_impro03_M014,"Yes.  We did that in the beginning, exactly.  So we had, so we just had, you know, good times the rest of the weekend, yeah.",happy
Ses01F_script03_1_M026,"Oh See, I don't care what you do, see.  You can paint yourself green and run naked through the Place Vendome and run off with all of the men of the world.  I shan't say a word, just as long as you love me best.",happy
Ses01F_script02_1_M036,"God, this is great.  Think about this.  I know you are not interested, but just think about this.",happy
Ses01F_script01_3_M009,"I don't really have any imagination, that's all I know how to say.",happy
Ses05F_impro03_F036,[LAUGHTER],happy
Ses04M_script01_3_F014,I'll never forgive you.  Why did you wait all these years?  All I've done is sit around and wonder if I was crazy for thinking of you.,happy
Ses03M_script01_3_M010,I love you.,happy
Ses04F_script01_3_F010,"Chris, I've been ready a long, long time.",happy
Ses01M_script03_1_M021,We are figures of fun all right,happy
Ses02M_script01_3_F012,"Well, you started to write me",happy
Ses01F_script01_3_M020,I kissed you.,happy
Ses05F_impro03_M065,"Exactly, [LAUGHTER] I think that'll go over great, don't you?",happy
Ses02F_impro03_M022,"Oh, I approve. I-[LAUGHTER]-I more than approve.",happy
Ses02F_script03_1_F023,Charles.  That was his name.  Charles.  He did wriggle so beautifully.,happy
Ses02F_impro03_F018,"So, yeah, I mean, it'll be good.  We wanna like, uh, I think we're gonna have it in spring time, like early Spring--So it's no too hot yet.  And um--",happy
Ses05M_impro03_M016,"We're going to do it back in the Midwest where her family all is.  They're all out there. you know so, Um  And so, just gonna have a small, small wedding. But, um- you know, of course, you're going to come, right?",happy
Ses05F_impro08_M026,"thank you, what's the number?",happy
Ses04F_script01_3_M018,"Give me a kiss, Ann.  Give me a-God I kissed you.",happy
Ses02M_impro07_M030,"Oh, alright.",happy
Ses03M_impro02_F000,Um.,happy
Ses04F_script01_3_F013,Every day since.,happy
Ses04M_script03_2_F001,"The manager came in and found us rolling about on the floor, biting and scratching like panthers.  Oh, dear.",happy
Ses05F_script02_2_M035,"Actually, now that you mention it.  No, I don't.",happy
Ses02F_script03_1_F020,"Elliott, worms don't pop.",happy
Ses03F_impro07_F025,I'm just so excited to start my life.,happy
Ses02M_script03_1_M031,I'll never forget his face.,happy
Ses03F_script02_2_F045,You can see right over the water.,happy
Ses04M_impro07_M007,"Yeah.  I like to know about history, 'cause, you know, it's- it's just so relevant to the present.",happy
Ses03F_script02_2_M040,Look what we got here.,happy
Ses02M_script01_3_M000,"I know, it went out of style, didn't it?",happy
Ses01M_script03_1_F009,[LAUGHTER] I think I shall do a court curtsey.,happy
Ses04M_impro03_M007,"Honestly, it was kind of quickly.  It was actually only in the past couple months.",happy
Ses03M_script01_3_M045,Annie I'm going to make a fortune for you.,happy
Ses01M_script03_1_F021,If one of us dies...,happy
Ses05F_script02_2_M040,"Shh, If we're very quiet, the fish might come.",happy
Ses03M_impro07_F019,Mmmm some miso soup.,happy
Ses05M_impro03_M032,it's great. I'm a lucky man.,happy
Ses02F_impro03_M011,"So, I mean--it's good though.",happy
Ses03M_impro07_F012,All right.,happy
Ses03M_impro07_F017,"Well, I'm happy for you but I'm happy for me cause that means you're going to stay.",happy
Ses04M_impro03_M009,"But uh- no, I mean, you know.  You know, I really want you to like, you know, sort of",happy
Ses01M_script03_1_F036,The manager came in he found us rolling about the floor.  [LAUGHTER],happy
Ses02M_script02_2_M045,"Shh, if we're very quiet the fish might come.",happy
Ses05F_script01_3_F026,What would I do with a fortune?,happy
Ses05M_impro08_F022,"Oh, my God.  I can't even tell you how much of a relief that is.  I literally call and talk to five different people.  Like last week it went off and I spent an hour and a half on the phone with different people.  And I've been doing that like every, every other week for months now.",happy
Ses02M_script03_1_M029,"That was a rouser, wasn't it?",happy
Ses03F_script02_2_M044,If we're very quiet the fish might come.,happy
Ses04F_script01_3_M047,"Annie, Annie I'm going to make a fortune for you.",happy
Ses01F_script03_1_F010,Yes.  Meaning just that.,happy
Ses05M_impro03_M015,It was a lot of fun- It was a lot of fun.  She's great.  And I'm so happy.,happy
Ses01M_script03_1_F038,"Utterly, utterly ridiculous.",happy
Ses02F_script02_2_F041,"Augie, you brought refreshments.",happy
Ses02F_script03_1_F021,"Oh, thank you, dear.  The same applies to you except that if I catch so much as looking at another woman, I'll kill you.",happy
Ses03M_impro03_M012,Sara and I--,happy
Ses04M_impro08_F022,"Oh, my God, thank you so much.",happy
Ses02F_script03_1_F024,"Yes, I know you did.  You threw it out of the window into the Grand Canal.  I don't think I'll ever forgive you for that.",happy
Ses05F_impro03_M041,"Exactly, ""laugh"".",happy
Ses04M_script03_2_F002,"How ridiculous.  How utterly, utterly ridiculous.",happy
Ses03F_impro07_F019,Top five in the nation.,happy
Ses05M_script02_2_M036,"Oh, well look what we've got here.",happy
Ses05F_impro03_F034,"Yeah, she-yeah, that's my type.",happy
Ses03F_impro07_F017,Yeah. It's really cool.,happy
Ses03F_script02_2_F050,Maybe this is the right place after all.,happy
Ses04M_impro03_M026,She's okay with it.,happy
Ses05M_impro07_F007,I heard it's so tough to get into.,happy
Ses02M_impro03_M027,"Oh, it will, obviously you know. But I know it's something - I don't know, you never really think about it happening, like before hand.",happy
Ses01M_impro07_M017,They do it's--believe me it's huge.,happy
Ses01F_impro03_F004,Um- Yes.  It was very romantic.,happy
Ses01M_impro07_F034,Just watch in five years you'll be like on the force. You carry around donuts in your back pocket... [LAUGHTER],happy
Ses03M_impro07_F001,What's going on Joe?,happy
Ses05M_script01_3_M013,You felt something that far back?,happy
Ses05M_script02_2_F034,"Yes, I did notice that.  It does look really beautiful over the water.  Big old white moon.",happy
Ses05F_impro07_F006,Uh- I don't know.,happy
Ses01F_script03_2_F000,And very much sillier.,happy
Ses05F_impro03_F053,Definitely not for a while,happy
Ses02F_impro03_F016,"...and, um, my parents want to like be part of it and help out and everything--So we want to give it lots of time to like--",happy
Ses01M_impro07_F033,You're like the rookie? The new kid.,happy
Ses01M_script03_1_M022,Ahh...who knows.,happy
Ses02M_impro08_F023,Great.,happy
Ses03F_impro07_F005,"Yes, What would you want more than anything in this world?",happy
Ses02M_impro07_M026,"I'm looking forward to getting there. I mean, God, the campus is cool, you know it's like all just very confined I mean just you know it's a college campus you know it's like",happy
Ses01M_script02_2_F045,I'm beginning to think you might be right.  I think this might be the spot after all.,happy
Ses03F_script02_2_M039,"Seemed like a pretty good spot to me. I mean, look at the view of the moon we've got from here.",happy
Ses03F_script01_3_M019,Why didn't you let me know?,happy
Ses05M_impro03_M028,"She wants like eight- She wants like eight kids and I'm like, no, no, no, no, no.  I am like what Let's do maybe three and we'll go with that.",happy
Ses03F_script01_3_M045,"Annie,",happy
Ses03F_script01_3_F001,"No, it's all right. There's nothing wrong in that, you know.",happy
Ses04M_impro07_M008,Yeah.,happy
Ses01M_script01_3_M001,You're not sorry you came?,happy
Ses04M_script02_2_F035,"Okay, fine.  So we're in the wrong spot, but we're with the right person.",happy
Ses03F_script01_3_M012,I love you a great deal.,happy
Ses02M_script03_1_F028,"Oh it was ridiculous, completely ridiculous.",happy
Ses03M_impro07_M014,Yeah.  This is so crazy.  I mean I didn't get into any other school but I got into the school I wanted.,happy
Ses03M_impro03_M031,She just graduated from high school and----she's planning to apply for colleges----and stuff.She's so great.  She has so much life and energy and stuff.,happy
Ses03F_impro07_F004,I have some better news than that.,happy
Ses02M_script01_3_F009,I guess this is why I came.,happy
Ses05M_impro07_F036,Oh cool.,happy
Ses03F_script01_3_M018,You felt something that far back?,happy
Ses02M_impro03_M017,"Yea, that way she was guaranteed that she could not say no.",happy
Ses02M_script03_1_M010,Meaning that sacred and beautiful thing love?,happy
Ses05F_impro03_F033,"Yeah, she loves him.",happy
Ses03M_impro03_M029,Two and ...  We love each other. Yeah.,happy
Ses03M_script02_2_F047,I think this may be the place for us after all.,happy
Ses04M_impro03_F024,This is why men don't plan weddings. [LAUGHTER],happy
Ses05F_impro03_M066,"That's what girls like, right?",happy
Ses02M_script03_1_M008,"Things that ought to matter dreadfully don't matter at all when one's is happy, do they?",happy
Ses05M_impro03_M024,Of course.  I told them right away.  We called them all right them.,happy
Ses05M_impro03_M031,But that- so we are really used to each other. We took the time apart and now we're going to get back together.  We're going to move in soon.,happy
Ses04M_script02_2_M039,"Actually, now that you mention it, no.  I don't.",happy
Ses05M_impro07_M039,"And yeah, well, I mean, basically I just applied for any and every possible scholarship and grant that could come by, so I can go.",happy
Ses03F_script02_2_F023,Dancing barefoot in the sand. Drinking out of a bottle of champagne.,happy
Ses03M_script01_3_F011,"Well,",happy
Ses02M_impro07_F020,"Okay. They have a lot of good schools, right?",happy
Ses05M_impro07_M046,We'll have fun.,happy
Ses01M_script03_1_F018,"How long will it last, this ludicrous, overbearing love of ours?",happy
Ses01F_script01_3_M016,Give me a...,happy
Ses04M_impro07_M011,"and right you know it's still- and then, you know, I mean-",happy
Ses01F_script03_2_F002,"Presents?  It was only a trivial, little brooch.",happy
Ses05M_impro03_F031,"That's incredible yeah ,Congratulations.",happy
Ses01F_impro03_F012,Oh.  Totally.,happy
Ses03F_script01_3_F011,"Well, I mean,",happy
Ses02M_impro07_F015,"Oh, totally totally.",happy
Ses03M_script01_3_M018,"Give me a kiss Ann, just give me...",happy
Ses05F_script01_3_M000,I know.  It's going out of style isn't it?,happy
Ses03F_script02_2_M038,"Actually now that you mention it, no, I don't.",happy
Ses01F_impro03_F013,I guess I'll-  I guess I'll have an internet husband.[LAUGHTER],happy
Ses03F_script01_3_F000,You're the only one I know that still loves his parents.,happy
Ses03F_script01_3_M000,"Yeah. I know. It went out of style, didn't it?",happy
Ses02M_script03_1_M024,You remember that awful scene we had in Venice?,happy
Ses02M_script03_1_M007,With the most perfect poise.,happy
Ses03F_impro03_F019,"But, I don't know, I--it's so weird to think I'm marrying somebody 'cause I feel so young, you know?",happy
Ses03F_script01_3_M015,I don't want to win you from anybody. I want you to be ready for me.,happy
Ses01F_script01_3_F011,[LAUGHTER],happy
Ses02M_script03_1_F006,Behave exquisitely.,happy
Ses05F_script01_3_F001,"No, it's good.",happy
Ses05F_script01_3_M005,Well the plan was to kind of sneak up on you over a period of a week or so.  But uh- they take it for granted that we're all set.,happy
Ses03M_script02_2_F049,Or not.,happy
Ses01F_script01_3_F013,No. No,happy
Ses01M_script03_1_F014,"Oh, yes meaning just that.",happy
Ses01F_script03_1_F029,"The manager came in, he found us rolling about the floor, biting and scratching like panthers. [LAUGHTER]  How utterly, utterly ridiculous.",happy
Ses04M_impro03_M005,"Well I didn't want it to be like cheesy, you know.",happy
Ses04M_script01_3_F012,Every day since.,happy
Ses01M_impro07_M006,"I don't know. I should ask. Yeah, I will.",happy
Ses03F_impro03_M015,"No, you deserve to cry. I mean, tears of happiness.",happy
Ses05M_impro08_F026,"Wow.  You know I was thinking about changing internet providers, but but that- that really is enough to change my mind.",happy
Ses05F_script02_2_F034,"Yes, I did notice that.  It does look really beautiful on the water.  The gold white moon.",happy
Ses05M_impro08_F028,Okay.  Thanks.,happy
Ses04M_impro03_M025,"And it's going to -- the -- you know, I told her that I just -- I want the color brown to be as an integral in the wedding.  And, um, maybe some greens and blues.",happy
Ses05M_impro07_F035,"You've got a lot- oh, awesome.",happy
Ses05F_script02_2_F037,"No, I am beginning to think that maybe this is the spot after all.",happy
Ses01F_script02_2_F044,I guess we don't need glasses.,happy
Ses05F_impro03_F032,Mm-hmm.,happy
Ses02F_script03_1_F025,It went in intermittently for days.,happy
Ses02F_script03_1_F022,Which particular one?,happy
Ses03F_script02_2_F048,At least we won't need glasses.,happy
Ses03F_impro07_F001,"Uh-, So I got some good news.",happy
Ses03F_script01_3_M023,We're going to live now. I'm going to make you so happy.,happy
Ses05F_impro03_M068,"That'd be great, thanks.",happy
Ses03F_script02_2_F021,"Oh, that moment-that was it.",happy
Ses01M_script03_1_M030,before your body rots and worms pop out of your eye sockets.,happy
Ses05F_impro03_F059,Total turn on.,happy
Ses05M_script02_2_M034,"Actually, now that you mention it, no.  I don't.",happy
Ses01M_script03_1_F040,Very much sillier.,happy
Ses03F_script01_3_M010,"Oh, Annie.",happy
Ses01F_impro07_M019,That's how you get the big bucks.  Are you messing with the chair? Don't ruin it.,happy
Ses03M_script01_3_F019,I'll never forgive you for that.,happy
Ses03M_script02_2_F044,Oh you brought refreshments.,happy
Ses03M_script01_3_M016,You felt something that far back.,happy
Ses03M_impro07_F013,"This is so great, you know, because I gone fit on downtown so I'm going to be like right here.  I think I'm going to be living at City Lights downtown.",happy
Ses03F_impro03_F018,"like a loser, I cried.",happy
Ses01F_script01_3_F017,Every day since.,happy
Ses01F_impro03_F006,"Uhuh, uhuh.  He won big and he-and he realized that the only thing that would make it better was me as his bride.",happy
Ses05F_impro03_F055,[LAUGHTER] Good luck.,happy
Ses01F_impro03_M007,[LAUGHTER] That's really romantic.,happy
Ses02F_impro03_M004,That is great.  You look radiant.  I should've guess.,happy
Ses01F_script01_3_M008,"I love you. Annie, I love you.",happy
Ses05M_script02_2_F038,Or not.,happy
Ses02F_script03_1_F008,What's so horrible is that one can't stay happy.,happy
Ses03M_impro03_F025,She said sure?,happy
Ses01F_impro03_F026,She needs a new name each state that we go into. [LAUGHTER],happy
Ses03M_impro03_F022,Oh that's kind of sweet.,happy
Ses03M_script01_3_M021,We're going to live now.  I'm going to make you so happy.,happy
Ses05M_script02_2_M037,"Well, it isn't champagne.",happy
Ses05M_script02_2_F037,"No.  I'm beginning to think you might be right. I think  this might be the spot after all.  Augie, I'm sorry.",happy
Ses05F_impro03_F029,"Right, being like oh, where are you from?  The U.S.  Where in the U.S.?  Chicago.  Where in Chicago?",happy
Ses01M_script03_1_M031,"See, you know I don't care what you do.  You could paint yourself green and run naked to the Place Vendome.",happy
Ses05M_impro03_M030,"Oh, yeah, yeah, yeah, yeah I mean, actually we lived together awhile back when we -- Yeah, back in college for a little while. yeah.",happy
Ses01F_impro03_F000,Well Vegas was awesome.,happy
Ses05M_impro03_M018,"Um- And she wants you to be in it, too.  She loves you so much. She thinks you're the sweetest.  Of course, you are.  You're You're my best friend so-",happy
Ses01F_script03_1_M036,[LAUGHTER] I'll never forget his face. [LAUGHTER],happy
Ses01F_impro03_F016,"He likes to keep tabs, you know.",happy
Ses03F_script01_3_F002,It's really lovely here. The air is sweet.,happy
Ses02F_impro03_M020,"Yeah, I'd love to be in that same situation some day, but, wow- so-",happy
Ses03F_script01_3_M021,Give me-,happy
Ses03F_script01_3_M020,"Give me a kiss, Annie.",happy
Ses02F_script02_2_M041,"I don't know.  It seemed like a pretty good spot to me.  I mean, look at the view you have of the moon from here.",happy
Ses05M_impro03_M009,"Well, instead I climb up on the rock and like I- I didn't do it -- well, I did it on purpose. I made it look like I accidentally did it.  I slipped down into this pool of water, right?  And she freaks out because I slide all the way down this rock.  And um-",happy
Ses01F_script02_2_F043,"Augie, you bought refreshments.",happy
Ses02M_script03_1_F003,Now and always sweet.,happy
Ses04M_impro03_M020,"Yeah, I don't know. [LAUGHTER] But, yeah, so anyway -- well I wanted to tell you that, you know, 'cause you're one of my good friends and you're Kate's- one of her best friends and-",happy
Ses05M_impro03_F020,oh.,happy
Ses01F_script03_1_F011,Don't laugh at me.  I'm being serious.,happy
Ses02M_impro07_M009,it was you know I wasn't too sure I mean you know it was kind of last minute for like the application,happy
Ses05F_script01_3_F016,"Not like that, you're not.",happy
Ses02M_script01_3_F003,"No, not sorry.  But, um. But I'm not gonna stay.",happy
Ses01M_script03_1_F003,Now and always sweet.,happy
Ses05F_impro03_F048,"I don't want a house, I mean just-",happy
Ses05F_script01_3_M040,"Oh Annie.  Annie, I am going to make you a fortune!",happy
Ses05F_impro03_F060,[LAUGHTER],happy
Ses01F_script02_2_M024,Do you want to take off your shoes?,happy
Ses03M_impro03_F026,Sure?  Who says sure?  You say yes...I don't like--,happy
Ses01M_script03_1_F011,Mmm...,happy
Ses04F_impro03_F010,"Everybody's going to come up. We're going to stay in all the pretty cabins up there and, um, everybody's going to have, you know, really flowery sort of naturey stuff.",happy
Ses01M_script03_1_F010,[LAUGHTER],happy
Ses04F_script02_2_F043,"Yeah, I noticed that.  Looks pretty on the water doesn't it, big old white moon.",happy
Ses01M_script03_1_F004,It had to happen sooner or later.,happy
Ses03F_impro07_F034,"[LAUGHTER]. No, you'd get used to it.",happy
Ses02F_script03_1_F026,It burned my comb too and all the towels in the bathroom.,happy
Ses02M_impro03_M011,so I-I talked to some of the crew before hand and-,happy
Ses05F_impro03_M064,because I am not getting married.,happy
Ses04F_script02_2_F044,"Oh, Augie you brought refreshments.",happy
Ses05F_impro03_F047,I think it's a good idea to live together before you get married.,happy
Ses01M_impro07_M011,Professional softball player Malibu. [LAUGHTER],happy
Ses01F_impro03_F005,It was at the slot machines.,happy
Ses01M_script03_1_F034,Cannes...mmhmm...,happy
Ses04M_script03_2_F003,And very much sillier.,happy
Ses03F_script01_3_F021,I don't know if I ever can forgive you for that. Why'd you wait so long? I sat in my room wondering if I was crazy for thinking about you.,happy
Ses04M_impro03_M006,"She didn't cry, but she was laughing a lot and it was very exciting, so...",happy
Ses03F_script01_3_M014,"I'm embarrassing you. I didn't want to tell you it here. I wanted to go somewhere that would be brand-new to each other. It feels wrong here, don't you? This yard and this chair.",happy
Ses02M_impro03_M021,"Oh yes, they - they you know they love her and so I mean...",happy
Ses02F_impro03_F030,"Oh, thank you. [LAUGHTER]",happy
Ses03F_script01_3_F013,"Well, I guess that's why I came.",happy
Ses04F_script01_3_F015,I'll never forgive you.  Why did you wait all these years?  All I've done is sit and wonder if I was crazy for thinking of you.,happy
Ses05M_impro03_M007,"You know- we did some- you know some rock climbing up the waterfalls and went up to this little pool that was up there.  And then, I- it's great. Um- You have to climb this little rock-",happy
Ses01F_script03_1_F030,[LAUGHTER] And very much sillier.,happy
Ses02M_impro07_M023,"What's that? ahh Well, you know I'm I'm thinking um I'm leaning towards like communications",happy
Ses05M_impro03_F012,"Oh, right. sure [LAUGHTER]",happy
Ses02M_impro03_M015,I got to freak her out.,happy
Ses01F_script02_1_F009,[LAUGHTER],happy
Ses01F_script03_1_M009,With perfect poise.,happy
Ses05M_impro03_F017,"Yeah,I'll hang out with the both of you.",happy
Ses01M_script03_1_F015,[LAUGHTER] Don't laugh at me I'm being serious.,happy
Ses01M_script03_1_F008,Oh. Behave exquisitely...,happy
Ses05F_impro03_F039,Sorry.,happy
Ses01F_script03_1_M013,"Well what does it all mean?  That's what I ask myself in my quest for ultimate truth.  Dear God, what does it all mean?",happy
Ses05M_impro03_F011,"Oh, Then you had a whole weekend of camping?",happy
Ses01F_script03_1_M034,"That was a rouser, wasn't it?",happy
Ses01F_script02_2_M049,Or not.,happy
Ses02M_impro03_M012,I-I did.,happy
Ses03F_script01_3_M046,"Annie, I'm going to make a fortune for you.",happy
Ses02M_impro07_F021,"Yes, it's intimate.",happy
Ses05M_impro03_F016,Where is she right now?,happy
Ses02F_script03_1_F009,It's true.  The whole business is a very poor joke.,happy
Ses02F_script01_3_F016,I will never forgive you.  Why did you wait all these years?  All I did was sit and wonder if I was crazy for thinking of you.,happy
Ses01M_script03_1_F017,"Mmhmm If I must laugh at everything, I must laugh at us too.",happy
Ses01M_script02_1_F009,I wonder if they can hear me talk,happy
Ses02F_impro03_F029,She'll be like--flowers and the--,happy
